index,time_sec,white_line_count,white_pair,yellow,white_components,yellow_components,white_spacing_m,yellow_center_offset_m,failure_score
0,0.000000,1,0,0,1,0,,,7.000
1,0.076761,1,0,0,1,0,,,7.000
2,0.119382,1,0,0,1,0,,,7.000
3,0.160590,1,0,0,2,0,,,7.000
4,0.200385,1,0,0,1,0,,,7.000
5,0.226568,1,0,0,1,0,,,7.000
6,0.264205,1,0,0,1,0,,,7.000
7,0.305643,1,0,0,1,0,,,7.000
8,0.337059,1,0,0,1,0,,,7.000
9,0.379364,1,0,0,1,0,,,7.000
10,0.423910,1,0,0,2,0,,,7.000
11,0.456909,1,0,0,2,0,,,7.000
12,0.500409,1,0,0,1,0,,,7.000
13,0.553693,1,0,0,2,0,,,7.000
14,0.596870,1,0,0,2,0,,,7.000
15,0.639897,1,0,0,2,0,,,7.000
16,0.689321,1,0,0,1,0,,,7.000
17,0.736636,1,0,0,1,0,,,7.000
18,0.781831,2,1,0,2,0,0.489453125,,6.000
19,0.813198,1,0,0,1,0,,,7.000
20,0.869180,1,0,0,1,0,,,7.000
21,0.903566,1,0,0,1,0,,,7.000
22,0.944369,1,0,0,1,0,,,7.000
23,0.976504,1,0,0,1,0,,,7.000
24,1.022161,1,0,0,1,0,,,7.000
25,1.066003,1,0,0,2,0,,,7.000
26,1.105316,1,0,0,2,0,,,7.000
27,1.147575,1,0,0,1,0,,,7.000
28,1.183029,1,0,0,1,0,,,7.000
29,1.212751,1,0,0,1,0,,,7.000
30,1.259132,1,0,0,1,0,,,7.000
31,1.298710,1,0,1,1,2,,,4.000
32,1.332487,1,0,1,1,2,,,4.000
33,1.379067,1,0,1,1,2,,,4.000
34,1.424651,1,0,1,1,2,,,4.000
35,1.466924,1,0,1,1,2,,,4.000
36,1.498021,1,0,1,1,2,,,4.000
37,1.541092,1,0,1,1,2,,,4.000
38,1.573119,1,0,1,1,2,,,4.000
39,1.617037,1,0,1,1,2,,,4.000
40,1.655444,1,0,1,1,2,,,4.000
41,1.690716,1,0,1,1,2,,,4.000
42,1.736487,1,0,1,1,2,,,4.000
43,1.794668,1,0,1,1,2,,,4.000
44,1.844462,1,0,1,1,2,,,4.000
45,1.889220,1,0,1,1,2,,,4.000
46,1.933165,1,0,1,1,2,,,4.000
47,1.978822,1,0,1,1,2,,,4.000
48,2.025780,1,0,1,1,2,,,4.000
49,2.068449,1,0,1,1,2,,,4.000
50,2.113101,1,0,1,1,2,,,4.000
51,2.147659,1,0,1,1,2,,,4.000
52,2.191880,1,0,1,1,1,,,4.000
53,2.271670,1,0,1,1,1,,,4.000
54,2.309298,1,0,1,1,2,,,4.000
55,2.371743,1,0,1,1,2,,,4.000
56,2.406660,1,0,1,1,1,,,4.000
57,2.451128,2,1,1,2,1,1.0499999999999998,,2.825
58,2.496980,2,1,1,2,2,1.0513671875,0.031445312499999996,2.842
59,2.531469,2,1,1,2,2,1.0431640624999998,0.024609375,2.740
60,2.581010,2,1,1,2,2,1.06640625,0.026660156249999997,3.000
61,2.617957,2,1,1,2,2,0.965234375,0.030078124999999997,1.765
62,2.652882,2,1,1,2,2,0.9761718749999999,0.030078124999999997,1.902
63,2.692721,2,1,1,2,2,0.984375,0.02734375,2.005
64,2.747166,2,1,1,2,2,0.9953124999999999,0.02734375,2.141
65,2.797886,2,1,1,2,2,1.00078125,0.0287109375,2.210
66,2.845462,2,1,1,2,2,1.0076171875,0.029394531249999998,2.295
67,2.894551,2,1,1,2,2,1.0171875,0.030078124999999997,2.415
68,2.953846,2,1,1,2,2,1.0185546875,0.030078124999999997,2.432
69,2.988287,2,1,1,2,2,1.028125,0.0287109375,2.552
70,3.033552,2,1,1,2,2,1.030859375,0.02734375,2.586
71,3.081525,2,1,1,2,2,1.025390625,0.0341796875,2.517
72,3.113492,2,1,1,2,2,1.02265625,0.0341796875,2.483
73,3.157110,2,1,1,2,2,1.030859375,0.03212890624999999,2.586
74,3.200636,2,1,1,2,2,1.028125,0.0341796875,2.552
75,3.244920,2,1,1,2,2,1.0335937499999999,0.0341796875,2.620
76,3.288936,2,1,1,2,2,1.0390625,0.03212890624999999,2.688
77,3.327410,2,1,1,2,2,1.028125,0.0369140625,2.552
78,3.374535,2,1,1,2,2,1.0322265625,0.0369140625,2.603
79,3.409953,2,1,1,2,2,1.03359375,0.038281249999999996,2.620
80,3.454070,2,1,1,2,2,1.028125,0.038281249999999996,2.552
81,3.495152,2,1,1,2,2,1.0404296875,0.035546875,2.705
82,3.541516,2,1,1,2,2,1.036328125,0.038281249999999996,2.654
83,3.578999,2,1,1,2,2,1.041796875,0.038281249999999996,2.722
84,3.618553,2,1,1,2,2,1.04453125,0.035546875,2.757
85,3.657375,2,1,1,2,2,1.047265625,0.035546875,2.791
86,3.693343,2,1,1,2,2,1.0472656249999999,0.035546875,2.791
87,3.736048,2,1,1,2,2,1.058203125,0.0369140625,2.928
88,3.767094,2,1,1,2,2,1.052734375,0.035546875,2.859
89,3.823859,2,1,1,2,2,1.05546875,0.0341796875,2.893
90,3.875007,2,1,1,2,2,1.052734375,0.035546875,2.859
91,3.904948,2,1,1,2,2,1.05546875,0.0369140625,2.893
92,3.955987,2,1,1,2,3,1.058203125,0.035546875,2.928
93,3.996467,1,0,1,1,3,,,4.000
94,4.041745,1,0,1,1,3,,,4.000
95,4.091553,1,0,1,1,2,,,4.000
96,4.130988,1,0,1,1,3,,,4.000
97,4.163624,1,0,1,1,2,,,4.000
98,4.192107,1,0,1,1,3,,,4.000
99,4.225929,1,0,1,1,2,,,4.000
100,4.265180,1,0,0,1,0,,,7.000
101,4.294798,1,0,1,1,1,,,4.000
102,4.340597,1,0,1,1,1,,,4.000
103,4.386277,2,1,1,2,1,1.1019531249999999,0.0369140625,3.000
104,4.428523,2,1,1,2,1,1.1046874999999998,0.035546875,3.000
105,4.470910,2,1,1,2,1,1.1019531249999999,0.036230468749999994,3.000
106,4.514985,1,0,1,1,1,,,4.000
107,4.551722,2,1,1,2,1,1.09375,0.0341796875,3.000
108,4.589706,1,0,1,1,1,,,4.000
109,4.638486,2,1,1,2,1,1.085546875,0.030078124999999997,3.000
110,4.673008,1,0,1,1,1,,,4.000
111,4.715837,1,0,1,1,1,,,4.000
112,4.762390,0,0,1,0,1,,,6.000
113,4.795789,1,0,1,1,1,,,4.000
114,4.839399,0,0,1,0,1,,,6.000
115,4.885990,1,0,1,1,1,,,4.000
116,4.929365,1,0,1,1,1,,,4.000
117,4.977571,1,0,1,1,1,,,4.000
118,5.010679,0,0,1,0,1,,,6.000
119,5.053932,1,0,1,1,1,,,4.000
120,5.099258,1,0,1,1,1,,,4.000
121,5.141087,1,0,1,1,1,,,4.000
122,5.171617,0,0,1,0,1,,,6.000
123,5.213168,1,0,1,1,1,,,4.000
124,5.256610,1,0,1,1,1,,,4.000
125,5.303589,1,0,1,1,1,,,4.000
126,5.340535,1,0,1,1,1,,,4.000
127,5.378886,1,0,1,1,1,,,4.000
128,5.422760,1,0,1,1,1,,,4.000
129,5.454153,1,0,1,1,1,,,4.000
130,5.501478,1,0,1,1,1,,,4.000
131,5.535711,1,0,1,1,1,,,4.000
132,5.573988,1,0,1,1,1,,,4.000
133,5.622733,1,0,1,1,1,,,4.000
134,5.665126,0,0,1,0,1,,,6.000
135,5.710094,1,0,1,1,1,,,4.000
136,5.740485,0,0,1,0,1,,,6.000
137,5.773778,1,0,1,1,1,,,4.000
138,5.812809,1,0,1,1,1,,,4.000
139,5.857484,1,0,0,1,0,,,7.000
140,5.903315,1,0,0,1,0,,,7.000
141,5.934071,1,0,0,1,0,,,7.000
142,5.962309,1,0,0,1,0,,,7.000
143,6.002799,1,0,0,1,0,,,7.000
144,6.041529,1,0,0,1,0,,,7.000
145,6.081567,1,0,0,1,0,,,7.000
146,6.125319,1,0,0,1,0,,,7.000
147,6.171329,1,0,0,1,0,,,7.000
148,6.216812,1,0,0,1,0,,,7.000
149,6.247282,1,0,0,1,0,,,7.000
150,6.290568,1,0,0,1,0,,,7.000
151,6.335507,1,0,0,1,0,,,7.000
152,6.367969,1,0,0,1,0,,,7.000
153,6.411084,1,0,0,1,0,,,7.000
154,6.442310,1,0,0,1,0,,,7.000
155,6.483703,1,0,0,1,0,,,7.000
156,6.516369,1,0,0,1,0,,,7.000
157,6.562848,1,0,0,1,0,,,7.000
158,6.603580,1,0,0,1,0,,,7.000
159,6.645788,1,0,0,1,0,,,7.000
160,6.688571,1,0,0,1,0,,,7.000
161,6.720925,1,0,0,1,0,,,7.000
162,6.766183,1,0,0,1,0,,,7.000
163,6.812369,1,0,0,2,0,,,7.000
164,6.854912,1,0,0,2,0,,,7.000
165,6.902073,1,0,0,2,0,,,7.000
166,6.932806,1,0,0,2,0,,,7.000
167,6.970733,1,0,0,2,0,,,7.000
168,7.011532,1,0,0,2,0,,,7.000
169,7.057053,1,0,0,2,0,,,7.000
170,7.102301,1,0,0,2,0,,,7.000
171,7.148759,1,0,0,2,0,,,7.000
172,7.178439,1,0,0,2,0,,,7.000
173,7.215531,1,0,0,2,0,,,7.000
174,7.267129,1,0,0,2,0,,,7.000
175,7.298699,1,0,0,2,0,,,7.000
176,7.346721,1,0,0,2,0,,,7.000
177,7.400946,1,0,0,2,0,,,7.000
178,7.432957,1,0,0,2,0,,,7.000
179,7.490461,1,0,0,2,0,,,7.000
180,7.522880,1,0,0,2,0,,,7.000
181,7.558143,1,0,0,2,0,,,7.000
182,7.602812,1,0,0,2,0,,,7.000
183,7.642859,1,0,0,2,0,,,7.000
184,7.685082,1,0,0,2,0,,,7.000
185,7.736175,1,0,0,2,0,,,7.000
186,7.774216,1,0,0,2,0,,,7.000
187,7.818986,1,0,0,2,0,,,7.000
188,7.866696,1,0,0,2,0,,,7.000
189,7.898311,1,0,0,2,0,,,7.000
190,7.936893,1,0,0,2,0,,,7.000
191,7.973035,1,0,0,2,0,,,7.000
192,8.016927,1,0,0,2,0,,,7.000
193,8.045662,1,0,0,1,0,,,7.000
194,8.089016,1,0,0,1,0,,,7.000
195,8.116764,1,0,0,1,0,,,7.000
196,8.140850,1,0,0,1,0,,,7.000
197,8.167683,1,0,0,1,0,,,7.000
198,8.202931,1,0,0,1,0,,,7.000
199,8.234213,1,0,0,1,0,,,7.000
200,8.281202,1,0,0,1,0,,,7.000
201,8.320952,1,0,0,1,0,,,7.000
202,8.344783,1,0,0,1,0,,,7.000
203,8.377856,1,0,0,1,0,,,7.000
204,8.424522,1,0,0,1,0,,,7.000
205,8.462862,1,0,0,1,0,,,7.000
206,8.502287,1,0,0,1,0,,,7.000
207,8.535484,0,0,1,0,1,,,6.000
208,8.561692,0,0,1,0,1,,,6.000
209,8.605474,1,0,0,1,0,,,7.000
210,8.641574,1,0,1,1,2,,,4.000
211,8.673693,1,0,1,1,2,,,4.000
212,8.708818,1,0,1,1,2,,,4.000
213,8.751271,1,0,1,1,2,,,4.000
214,8.795657,1,0,1,1,2,,,4.000
215,8.839496,1,0,1,1,2,,,4.000
216,8.870375,1,0,1,1,2,,,4.000
217,8.918321,1,0,1,1,2,,,4.000
218,8.961209,1,0,1,1,2,,,4.000
219,9.012459,1,0,1,1,2,,,4.000
220,9.061070,1,0,1,1,2,,,4.000
221,9.090786,1,0,1,1,2,,,4.000
222,9.131482,2,1,1,2,2,0.8996093749999999,-0.04375,0.945
223,9.163153,2,1,1,2,2,0.9009765624999999,-0.03896484374999999,0.962
224,9.191660,2,1,1,2,3,0.9037109374999999,-0.035546875,0.996
225,9.219851,2,1,1,2,3,0.905078125,-0.0341796875,1.013
226,9.259404,2,1,1,2,2,0.9078124999999999,-0.030078124999999997,1.048
227,9.291212,2,1,1,2,2,0.905078125,-0.02734375,1.013
228,9.334006,1,0,1,1,2,,,4.000
229,9.375615,1,0,1,1,2,,,4.000
230,9.415336,1,0,1,1,2,,,4.000
231,9.456838,1,0,1,1,3,,,4.000
232,9.485758,1,0,1,1,2,,,4.000
233,9.520977,1,0,1,1,2,,,4.000
234,9.558151,1,0,1,1,2,,,4.000
235,9.588559,1,0,1,1,1,,,4.000
236,9.631604,1,0,1,1,1,,,4.000
237,9.675282,2,1,1,2,2,0.877734375,-0.013671875,0.672
238,9.711759,2,1,1,2,2,0.8722656249999999,-0.0109375,0.603
239,9.748481,2,1,1,2,2,0.875,-0.0109375,0.638
240,9.791073,1,0,1,1,2,,,4.000
241,9.824679,1,0,1,1,2,,,4.000
242,9.864384,2,1,1,2,3,1.0171875,-0.023242187499999997,2.415
243,9.903565,2,1,1,2,3,0.9037109374999999,-0.011621093749999999,0.996
244,9.932276,2,1,1,2,2,0.9091796875,-0.0109375,1.065
245,9.974576,2,1,1,2,2,0.9132812499999999,-0.00546875,1.116
246,10.014334,2,1,1,2,2,0.9296874999999999,-0.009570312499999999,1.321
247,10.052020,2,1,1,2,2,0.9515625,-0.0068359375,1.595
248,10.086381,2,1,1,2,3,0.9542968749999999,-0.008886718749999998,1.629
249,10.121018,2,1,1,2,2,0.9679687499999999,-0.008203124999999999,1.800
250,10.164327,2,1,1,2,2,0.9652343749999999,-0.0109375,1.765
251,10.191130,2,1,1,2,2,0.9761718749999999,-0.0123046875,1.902
252,10.218328,2,1,1,2,2,0.97890625,-0.0109375,1.936
253,10.261326,2,1,1,2,2,0.9761718749999999,-0.015039062499999999,1.902
254,10.318152,2,1,1,2,2,0.9679687499999999,-0.017773437499999996,1.800
255,10.349517,2,1,1,2,2,0.9679687499999999,-0.016406249999999997,1.800
256,10.383420,2,1,1,2,2,0.965234375,-0.021875,1.765
257,10.431688,2,1,1,2,2,0.9652343749999999,-0.016406249999999997,1.765
258,10.464724,2,1,1,2,2,0.965234375,-0.01708984375,1.765
259,10.490328,2,1,1,2,2,0.965234375,-0.0123046875,1.765
260,10.530290,2,1,1,2,2,0.9707031249999999,-0.0177734375,1.834
261,10.562003,2,1,1,2,2,0.9720703124999999,-0.016406249999999997,1.851
262,10.597480,2,1,1,2,2,0.9707031249999999,-0.016406249999999997,1.834
263,10.634012,2,1,1,2,2,0.9761718749999999,-0.013671875,1.902
264,10.676084,2,1,1,2,2,0.9761718749999999,-0.0177734375,1.902
265,10.704557,2,1,1,2,2,0.97890625,-0.0177734375,1.936
266,10.738111,2,1,1,2,2,0.9816406249999999,-0.0177734375,1.971
267,10.774671,2,1,1,2,2,0.9843749999999999,-0.0205078125,2.005
268,10.819181,2,1,1,2,2,0.9994140624999999,-0.0177734375,2.193
269,10.854572,2,1,1,2,2,0.9994140624999999,-0.019140624999999998,2.193
270,10.901275,2,1,1,2,2,1.00078125,-0.01708984375,2.210
271,10.935979,2,1,1,2,2,0.9980468749999999,-0.019140624999999998,2.176
272,10.984560,2,1,1,2,2,1.0089843749999998,-0.019140624999999998,2.312
273,11.022635,2,1,1,2,2,1.01171875,-0.017773437499999996,2.346
274,11.056945,2,1,1,2,2,1.014453125,-0.013671875,2.381
275,11.094526,2,1,1,2,2,1.01171875,-0.009570312499999999,2.346
276,11.129361,2,1,1,2,2,1.00078125,-0.00546875,2.210
277,11.172741,1,0,1,1,2,,,4.000
278,11.212415,1,0,1,1,2,,,4.000
279,11.257643,1,0,1,1,2,,,4.000
280,11.289879,0,0,1,0,2,,,6.000
281,11.333541,1,0,1,1,2,,,4.000
282,11.379095,0,0,1,0,2,,,6.000
283,11.406175,0,0,0,0,0,,,9.000
284,11.449934,1,0,0,1,0,,,7.000
285,11.491847,1,0,0,1,0,,,7.000
286,11.538393,1,0,0,1,0,,,7.000
287,11.568685,1,0,0,1,0,,,7.000
288,11.595661,1,0,0,1,0,,,7.000
289,11.637646,1,0,0,1,0,,,7.000
290,11.683688,1,0,0,1,0,,,7.000
291,11.708062,1,0,0,1,0,,,7.000
292,11.740464,1,0,0,1,0,,,7.000
293,11.780047,1,0,0,1,0,,,7.000
294,11.812825,1,0,0,1,0,,,7.000
295,11.855791,1,0,0,1,0,,,7.000
296,11.897881,1,0,0,1,0,,,7.000
297,11.928936,1,0,0,1,0,,,7.000
298,11.954964,1,0,0,1,0,,,7.000
299,11.994794,1,0,0,1,0,,,7.000
300,12.028108,1,0,0,1,0,,,7.000
301,12.069536,1,0,0,1,0,,,7.000
302,12.116126,1,0,0,1,0,,,7.000
303,12.156802,1,0,0,1,0,,,7.000
304,12.190269,1,0,0,1,0,,,7.000
305,12.234101,1,0,0,1,0,,,7.000
306,12.261741,0,0,1,0,1,,,6.000
307,12.295324,1,0,1,1,1,,,4.000
308,12.332129,0,0,0,0,0,,,9.000
309,12.372767,0,0,1,0,1,,,6.000
310,12.405653,0,0,0,0,0,,,9.000
311,12.450043,1,0,1,1,1,,,4.000
312,12.494519,0,0,0,0,0,,,9.000
313,12.529751,1,0,1,1,1,,,4.000
314,12.568581,1,0,1,1,1,,,4.000
315,12.612673,1,0,1,1,1,,,4.000
316,12.643767,1,0,1,1,1,,,4.000
317,12.681746,1,0,1,1,1,,,4.000
318,12.725161,1,0,1,1,1,,,4.000
319,12.762339,1,0,1,1,1,,,4.000
320,12.799418,1,0,1,1,1,,,4.000
321,12.859053,1,0,1,1,1,,,4.000
322,12.894697,1,0,1,1,2,,,4.000
323,12.936969,0,0,1,0,2,,,6.000
324,12.974149,1,0,1,1,2,,,4.000
325,13.004742,0,0,1,0,2,,,6.000
326,13.037570,1,0,1,1,2,,,4.000
327,13.081375,1,0,1,1,2,,,4.000
328,13.127643,0,0,1,0,1,,,6.000
329,13.170662,1,0,1,1,1,,,4.000
330,13.212982,1,0,1,1,1,,,4.000
331,13.245716,1,0,1,1,1,,,4.000
332,13.303706,1,0,1,1,1,,,4.000
333,13.340903,0,0,1,0,1,,,6.000
334,13.376854,1,0,1,1,1,,,4.000
335,13.425730,1,0,1,1,1,,,4.000
336,13.457498,0,0,1,0,1,,,6.000
337,13.495115,0,0,1,0,1,,,6.000
338,13.542884,0,0,1,0,1,,,6.000
339,13.571713,0,0,0,0,0,,,9.000
340,13.604159,1,0,0,1,0,,,7.000
341,13.642267,1,0,0,1,0,,,7.000
342,13.685705,1,0,0,1,0,,,7.000
343,13.714394,1,0,0,1,0,,,7.000
344,13.746008,1,0,0,1,0,,,7.000
345,13.784106,1,0,0,1,0,,,7.000
346,13.813020,1,0,0,1,0,,,7.000
347,13.852185,1,0,0,1,0,,,7.000
348,13.885478,1,0,0,1,0,,,7.000
349,13.925998,1,0,0,1,0,,,7.000
350,13.954969,1,0,0,1,0,,,7.000
351,13.998955,1,0,0,1,0,,,7.000
352,14.039688,1,0,0,1,0,,,7.000
353,14.067509,1,0,0,1,0,,,7.000
354,14.098937,1,0,0,1,0,,,7.000
355,14.139695,1,0,0,1,0,,,7.000
356,14.175726,1,0,0,1,0,,,7.000
357,14.212885,1,0,0,2,0,,,7.000
358,14.257415,1,0,0,1,0,,,7.000
359,14.286069,1,0,0,1,0,,,7.000
360,14.321224,1,0,0,1,0,,,7.000
361,14.355997,1,0,0,1,0,,,7.000
362,14.398251,1,0,0,1,0,,,7.000
363,14.424376,1,0,0,1,0,,,7.000
364,14.463946,1,0,0,1,0,,,7.000
365,14.507102,1,0,0,1,0,,,7.000
366,14.541122,1,0,0,1,0,,,7.000
367,14.584663,1,0,0,1,0,,,7.000
368,14.627524,1,0,0,1,0,,,7.000
369,14.659741,1,0,0,1,0,,,7.000
370,14.703602,1,0,0,2,0,,,7.000
371,14.739667,1,0,0,1,0,,,7.000
372,14.774559,1,0,0,1,0,,,7.000
373,14.814752,1,0,0,1,0,,,7.000
374,14.848048,0,0,0,0,0,,,9.000
375,14.887844,1,0,0,1,0,,,7.000
376,14.927159,1,0,0,1,0,,,7.000
377,14.960691,1,0,0,1,0,,,7.000
378,14.997191,1,0,0,1,0,,,7.000
379,15.036829,1,0,0,2,0,,,7.000
380,15.074075,1,0,0,1,0,,,7.000
381,15.112051,1,0,0,1,0,,,7.000
382,15.146092,1,0,0,1,0,,,7.000
383,15.174869,1,0,0,1,0,,,7.000
384,15.217813,1,0,0,1,0,,,7.000
385,15.258893,1,0,0,1,0,,,7.000
386,15.296787,1,0,0,1,0,,,7.000
387,15.327563,1,0,0,1,0,,,7.000
388,15.353652,1,0,0,1,0,,,7.000
389,15.391938,1,0,0,1,0,,,7.000
390,15.420940,1,0,0,1,0,,,7.000
391,15.446232,1,0,0,1,0,,,7.000
392,15.476797,1,0,0,1,0,,,7.000
393,15.516100,1,0,0,1,0,,,7.000
394,15.544076,1,0,0,1,0,,,7.000
395,15.577861,1,0,0,1,0,,,7.000
396,15.611049,1,0,0,1,0,,,7.000
397,15.653871,1,0,0,1,0,,,7.000
398,15.681007,1,0,0,1,0,,,7.000
399,15.714156,1,0,0,1,0,,,7.000
400,15.754624,1,0,0,1,0,,,7.000
401,15.785123,1,0,0,1,0,,,7.000
402,15.820097,1,0,0,1,0,,,7.000
403,15.850683,1,0,0,1,0,,,7.000
404,15.891512,1,0,1,1,1,,,4.000
405,15.933619,0,0,1,0,1,,,6.000
406,15.962321,1,0,0,1,0,,,7.000
407,15.999314,1,0,0,1,0,,,7.000
408,16.039034,1,0,1,1,2,,,4.000
409,16.076552,1,0,0,1,0,,,7.000
410,16.119569,1,0,1,1,2,,,4.000
411,16.159942,1,0,1,1,2,,,4.000
412,16.191983,1,0,1,1,2,,,4.000
413,16.213548,1,0,1,1,2,,,4.000
414,16.246660,1,0,1,1,2,,,4.000
415,16.289966,1,0,1,1,2,,,4.000
416,16.323087,1,0,1,1,2,,,4.000
417,16.361063,1,0,1,1,2,,,4.000
418,16.392996,1,0,1,1,2,,,4.000
419,16.438508,1,0,1,1,2,,,4.000
420,16.469086,1,0,1,1,2,,,4.000
421,16.509558,1,0,1,1,2,,,4.000
422,16.553757,1,0,1,1,2,,,4.000
423,16.592627,1,0,1,1,2,,,4.000
424,16.640130,1,0,1,1,2,,,4.000
425,16.670519,1,0,1,1,2,,,4.000
426,16.698617,1,0,1,1,2,,,4.000
427,16.744928,1,0,1,1,2,,,4.000
428,16.785421,1,0,1,1,2,,,4.000
429,16.829426,1,0,1,1,2,,,4.000
430,16.862002,1,0,1,1,2,,,4.000
431,16.894743,1,0,1,1,2,,,4.000
432,16.930869,1,0,1,1,2,,,4.000
433,16.976225,1,0,1,1,2,,,4.000
434,17.004740,1,0,1,1,2,,,4.000
435,17.043621,1,0,0,1,0,,,7.000
436,17.071805,1,0,0,1,0,,,7.000
437,17.122608,1,0,0,1,0,,,7.000
438,17.158358,1,0,0,1,0,,,7.000
439,17.186270,1,0,0,1,0,,,7.000
440,17.231872,1,0,1,1,1,,,4.000
441,17.273109,1,0,1,1,1,,,4.000
442,17.311513,1,0,1,1,1,,,4.000
443,17.346440,1,0,1,1,1,,,4.000
444,17.377771,1,0,1,1,1,,,4.000
445,17.416215,1,0,0,1,0,,,7.000
446,17.461083,1,0,0,1,0,,,7.000
447,17.489512,1,0,0,1,0,,,7.000
448,17.535538,1,0,1,1,1,,,4.000
449,17.563482,1,0,0,1,0,,,7.000
450,17.590573,1,0,0,1,0,,,7.000
451,17.632202,1,0,0,1,0,,,7.000
452,17.675722,1,0,0,1,0,,,7.000
453,17.702949,1,0,0,1,0,,,7.000
454,17.747117,1,0,0,1,0,,,7.000
455,17.779998,1,0,0,1,0,,,7.000
456,17.810429,1,0,0,1,0,,,7.000
457,17.849757,1,0,0,1,0,,,7.000
458,17.892672,1,0,1,1,3,,,4.000
459,17.926411,1,0,1,1,5,,,4.000
460,17.974085,1,0,0,1,0,,,7.000
461,18.007071,1,0,0,1,0,,,7.000
462,18.033914,1,0,0,1,0,,,7.000
463,18.077821,1,0,0,1,0,,,7.000
464,18.120216,1,0,1,1,3,,,4.000
465,18.150195,1,0,0,1,0,,,7.000
466,18.192662,1,0,0,1,0,,,7.000
467,18.234509,1,0,0,1,0,,,7.000
468,18.261636,1,0,0,1,0,,,7.000
469,18.301817,1,0,0,1,0,,,7.000
470,18.336261,1,0,0,1,0,,,7.000
471,18.370438,1,0,0,1,0,,,7.000
472,18.405834,0,0,1,0,1,,,6.000
473,18.448111,0,0,1,0,2,,,6.000
474,18.478173,0,0,0,0,0,,,9.000
475,18.519943,1,0,0,1,0,,,7.000
476,18.561261,1,0,0,1,0,,,7.000
477,18.592569,1,0,0,1,0,,,7.000
478,18.628839,1,0,0,1,0,,,7.000
479,18.661788,1,0,0,1,0,,,7.000
480,18.702296,1,0,1,1,1,,,4.000
481,18.732223,1,0,1,1,3,,,4.000
482,18.773768,1,0,0,1,0,,,7.000
483,18.816219,1,0,0,1,0,,,7.000
484,18.843801,1,0,0,1,0,,,7.000
485,18.872471,1,0,0,1,0,,,7.000
486,18.916007,1,0,0,1,0,,,7.000
487,18.961006,1,0,1,1,1,,,4.000
488,19.005922,0,0,0,0,0,,,9.000
489,19.051579,1,0,0,1,0,,,7.000
490,19.094342,1,0,0,1,0,,,7.000
491,19.135967,1,0,0,1,0,,,7.000
492,19.170554,1,0,0,1,0,,,7.000
493,19.205405,1,0,0,1,0,,,7.000
494,19.235925,1,0,0,1,0,,,7.000
495,19.266685,1,0,0,1,0,,,7.000
496,19.310425,1,0,0,2,0,,,7.000
497,19.351362,1,0,0,2,0,,,7.000
498,19.393021,1,0,0,2,0,,,7.000
499,19.427388,1,0,0,2,0,,,7.000
500,19.469188,1,0,0,2,0,,,7.000
501,19.508890,1,0,1,2,3,,,4.000
502,19.539448,1,0,1,1,2,,,4.000
503,19.573613,1,0,1,1,2,,,4.000
504,19.618385,1,0,1,1,2,,,4.000
505,19.652671,0,0,0,0,0,,,9.000
506,19.685424,1,0,1,1,1,,,4.000
507,19.722525,1,0,1,1,1,,,4.000
508,19.760097,1,0,1,1,1,,,4.000
509,19.788009,1,0,0,1,0,,,7.000
510,19.820203,1,0,1,1,1,,,4.000
511,19.858359,1,0,1,1,1,,,4.000
512,19.893880,1,0,1,1,1,,,4.000
513,19.937963,1,0,1,1,1,,,4.000
514,19.980316,1,0,1,1,1,,,4.000
515,20.023729,1,0,1,1,1,,,4.000
516,20.051995,1,0,1,1,1,,,4.000
517,20.090847,1,0,1,1,1,,,4.000
518,20.126345,1,0,1,1,1,,,4.000
519,20.159956,1,0,1,1,1,,,4.000
520,20.197824,1,0,1,1,1,,,4.000
521,20.229584,1,0,1,1,1,,,4.000
522,20.267481,1,0,1,1,1,,,4.000
523,20.306719,1,0,1,1,1,,,4.000
524,20.341629,1,0,1,1,1,,,4.000
525,20.368671,1,0,1,1,1,,,4.000
526,20.411207,1,0,1,1,2,,,4.000
527,20.452553,1,0,1,1,1,,,4.000
528,20.482087,1,0,1,1,2,,,4.000
529,20.527025,1,0,1,1,2,,,4.000
530,20.560305,1,0,1,1,2,,,4.000
531,20.591536,1,0,1,1,2,,,4.000
532,20.623600,1,0,1,1,1,,,4.000
533,20.655466,1,0,1,1,1,,,4.000
534,20.707054,1,0,1,1,1,,,4.000
535,20.746021,1,0,1,1,1,,,4.000
536,20.786444,1,0,1,1,1,,,4.000
537,20.830031,1,0,1,1,1,,,4.000
538,20.862372,1,0,1,1,1,,,4.000
539,20.890878,1,0,1,1,1,,,4.000
540,20.936024,1,0,1,1,1,,,4.000
541,20.976010,1,0,1,1,1,,,4.000
542,21.008032,1,0,1,2,1,,,4.000
543,21.060477,1,0,1,2,1,,,4.000
544,21.096773,1,0,1,1,1,,,4.000
545,21.140592,1,0,1,2,1,,,4.000
546,21.188632,1,0,1,2,1,,,4.000
547,21.221094,2,1,1,2,1,0.500390625,,3.000
548,21.259390,2,1,1,2,1,0.473046875,,3.000
549,21.306837,1,0,1,2,1,,,4.000
550,21.348617,1,0,1,1,1,,,4.000
551,21.379708,1,0,1,2,1,,,4.000
552,21.424073,1,0,1,2,1,,,4.000
553,21.465613,1,0,1,2,1,,,4.000
554,21.490431,1,0,1,1,1,,,4.000
555,21.519366,1,0,0,1,0,,,7.000
556,21.551576,1,0,1,1,1,,,4.000
557,21.597307,1,0,0,1,0,,,7.000
558,21.625921,2,1,0,2,0,1.071875,,6.000
559,21.668784,1,0,0,1,0,,,7.000
560,21.714798,1,0,0,2,0,,,7.000
561,21.744097,2,1,0,2,0,0.7710937499999999,,3.661
562,21.778081,1,0,0,1,0,,,7.000
563,21.821180,2,1,0,2,0,0.765625,,3.730
564,21.862818,2,1,0,2,0,0.7710937499999999,,3.661
565,21.906927,2,1,0,2,0,0.7710937499999999,,3.661
566,21.949783,2,1,0,2,0,0.7847656249999999,,3.490
567,21.978574,2,1,0,2,0,0.76015625,,3.798
568,22.010846,1,0,0,1,0,,,7.000
569,22.050158,1,0,0,1,0,,,7.000
570,22.092831,1,0,0,1,0,,,7.000
571,22.122907,1,0,0,1,0,,,7.000
572,22.160263,1,0,0,1,0,,,7.000
573,22.190774,1,0,0,1,0,,,7.000
574,22.216760,1,0,0,1,0,,,7.000
575,22.250114,0,0,0,0,0,,,9.000
576,22.285925,0,0,0,0,0,,,9.000
577,22.314370,1,0,0,1,0,,,7.000
578,22.347673,1,0,0,1,0,,,7.000
579,22.378739,0,0,0,0,0,,,9.000
580,22.416189,0,0,0,0,0,,,9.000
581,22.447138,0,0,0,0,0,,,9.000
582,22.478573,0,0,0,0,0,,,9.000
583,22.515761,0,0,0,0,0,,,9.000
584,22.546816,0,0,0,0,0,,,9.000
585,22.585650,0,0,0,0,0,,,9.000
586,22.616884,0,0,0,0,0,,,9.000
587,22.654953,0,0,0,0,0,,,9.000
588,22.684921,0,0,0,0,0,,,9.000
589,22.715800,0,0,0,0,0,,,9.000
590,22.756642,0,0,0,0,0,,,9.000
591,22.792932,0,0,0,0,0,,,9.000
592,22.826135,0,0,0,0,0,,,9.000
593,22.852891,1,0,0,1,0,,,7.000
594,22.884871,1,0,0,1,0,,,7.000
595,22.921802,1,0,0,1,0,,,7.000
596,22.960828,1,0,0,1,0,,,7.000
597,22.987704,0,0,0,0,0,,,9.000
598,23.015280,0,0,0,0,0,,,9.000
599,23.052812,0,0,0,0,0,,,9.000
600,23.082388,0,0,0,0,0,,,9.000
601,23.116444,0,0,0,0,0,,,9.000
602,23.151120,0,0,0,0,0,,,9.000
603,23.182503,0,0,0,0,0,,,9.000
604,23.250672,1,0,0,1,0,,,7.000
605,23.291320,1,0,0,1,0,,,7.000
606,23.353523,1,0,0,2,0,,,7.000
607,23.390939,1,0,0,1,0,,,7.000
608,23.418504,1,0,0,1,0,,,7.000
609,23.460799,1,0,0,1,0,,,7.000
610,23.501927,1,0,0,1,0,,,7.000
611,23.518364,1,0,0,2,0,,,7.000
612,23.560698,1,0,0,2,0,,,7.000
613,23.606553,1,0,0,2,0,,,7.000
614,23.659635,1,0,1,1,2,,,4.000
615,23.707519,2,1,1,2,2,1.123828125,0.030078124999999997,3.000
616,23.751178,2,1,1,2,2,1.096484375,0.032812499999999994,3.000
617,23.787676,2,1,1,2,2,1.0609374999999999,0.04375,2.962
618,23.833204,2,1,1,2,2,1.0499999999999998,0.045117187499999996,2.825
619,23.884203,2,1,1,2,2,1.04453125,0.046484374999999994,2.757
620,23.922902,1,0,1,1,2,,,4.000
621,23.967733,2,1,1,2,2,1.052734375,0.045117187499999996,2.859
622,24.003872,1,0,1,1,2,,,4.000
623,24.059152,1,0,1,1,2,,,4.000
624,24.119289,0,0,1,0,2,,,6.000
625,24.163313,0,0,1,0,2,,,6.000
626,24.221488,0,0,1,0,2,,,6.000
627,24.271494,0,0,1,0,2,,,6.000
628,24.307395,0,0,1,0,2,,,6.000
629,24.365838,0,0,1,0,2,,,6.000
630,24.407548,0,0,1,0,2,,,6.000
631,24.443691,0,0,1,0,2,,,6.000
632,24.471009,0,0,0,0,0,,,9.000
633,24.516974,1,0,0,1,0,,,7.000
634,24.555393,1,0,0,1,0,,,7.000
635,24.589839,1,0,0,1,0,,,7.000
636,24.629467,0,0,1,0,2,,,6.000
637,24.668341,0,0,0,0,0,,,9.000
638,24.697179,1,0,0,1,0,,,7.000
639,24.733914,1,0,0,1,0,,,7.000
640,24.768932,1,0,0,1,0,,,7.000
641,24.815782,1,0,0,1,0,,,7.000
642,24.858025,1,0,0,1,0,,,7.000
643,24.905684,1,0,0,1,0,,,7.000
644,24.935874,1,0,0,1,0,,,7.000
645,24.978992,1,0,0,1,0,,,7.000
646,25.024094,1,0,0,1,0,,,7.000
647,25.055798,1,0,0,1,0,,,7.000
648,25.099396,1,0,0,1,0,,,7.000
649,25.143194,1,0,0,1,0,,,7.000
650,25.174660,1,0,0,1,0,,,7.000
651,25.201608,1,0,0,1,0,,,7.000
652,25.229778,1,0,0,1,0,,,7.000
653,25.268194,1,0,0,1,0,,,7.000
654,25.314459,1,0,0,1,0,,,7.000
655,25.348911,1,0,0,1,0,,,7.000
656,25.378014,1,0,0,1,0,,,7.000
657,25.428061,1,0,0,1,0,,,7.000
658,25.466483,1,0,0,1,0,,,7.000
659,25.511453,1,0,0,1,0,,,7.000
660,25.555372,1,0,0,1,0,,,7.000
661,25.592954,1,0,0,1,0,,,7.000
662,25.634140,1,0,0,1,0,,,7.000
663,25.673991,1,0,1,1,1,,,4.000
664,25.719883,0,0,0,0,0,,,9.000
665,25.764127,1,0,1,1,1,,,4.000
666,25.808162,0,0,0,0,0,,,9.000
667,25.853018,1,0,1,1,1,,,4.000
668,25.883388,0,0,0,0,0,,,9.000
669,25.912197,1,0,0,1,0,,,7.000
670,25.954046,1,0,0,1,0,,,7.000
671,25.998541,1,0,0,1,0,,,7.000
672,26.031199,1,0,0,1,0,,,7.000
673,26.076078,0,0,1,0,1,,,6.000
674,26.120672,0,0,1,0,1,,,6.000
675,26.163797,0,0,0,0,0,,,9.000
676,26.196369,1,0,0,1,0,,,7.000
677,26.239696,1,0,0,1,0,,,7.000
678,26.298091,1,0,0,1,0,,,7.000
679,26.346168,1,0,0,1,0,,,7.000
680,26.377057,1,0,0,1,0,,,7.000
681,26.416945,1,0,0,1,0,,,7.000
682,26.462584,1,0,0,1,0,,,7.000
683,26.505750,1,0,0,1,0,,,7.000
684,26.553335,1,0,0,1,0,,,7.000
685,26.617290,1,0,0,1,0,,,7.000
686,26.676830,1,0,0,1,0,,,7.000
687,26.744534,1,0,0,1,0,,,7.000
688,26.806876,1,0,0,1,0,,,7.000
689,26.839841,1,0,0,1,0,,,7.000
690,26.899981,0,0,0,0,0,,,9.000
691,26.954344,0,0,0,0,0,,,9.000
692,27.015263,0,0,0,0,0,,,9.000
693,27.062004,0,0,0,0,0,,,9.000
694,27.113753,0,0,0,0,0,,,9.000
695,27.173552,0,0,0,0,0,,,9.000
696,27.220140,0,0,0,0,0,,,9.000
697,27.270481,0,0,0,0,0,,,9.000
698,27.305896,0,0,0,0,0,,,9.000
699,27.350185,0,0,0,0,0,,,9.000
700,27.396139,0,0,0,0,0,,,9.000
701,27.439275,0,0,0,0,0,,,9.000
702,27.474620,1,0,0,1,0,,,7.000
703,27.506692,1,0,0,1,0,,,7.000
704,27.546598,1,0,0,1,0,,,7.000
705,27.593578,1,0,0,1,0,,,7.000
706,27.641750,1,0,0,1,0,,,7.000
707,27.685774,1,0,0,1,0,,,7.000
708,27.722337,1,0,0,1,0,,,7.000
709,27.754787,1,0,0,1,0,,,7.000
710,27.809747,1,0,0,2,0,,,7.000
711,27.845318,0,0,0,0,0,,,9.000
712,27.886419,1,0,1,1,1,,,4.000
713,27.925285,1,0,1,1,1,,,4.000
714,27.961115,0,0,1,0,1,,,6.000
715,28.015639,0,0,1,0,1,,,6.000
716,28.053559,1,0,1,1,1,,,4.000
717,28.088848,1,0,1,1,1,,,4.000
718,28.140572,1,0,1,1,1,,,4.000
719,28.172419,1,0,1,1,2,,,4.000
720,28.202126,1,0,1,1,2,,,4.000
721,28.249336,1,0,1,1,3,,,4.000
722,28.291629,1,0,1,1,2,,,4.000
723,28.339503,1,0,1,1,3,,,4.000
724,28.387414,1,0,1,1,3,,,4.000
725,28.433764,1,0,1,1,3,,,4.000
726,28.464928,1,0,1,1,3,,,4.000
727,28.510769,1,0,1,1,2,,,4.000
728,28.555359,1,0,1,1,1,,,4.000
729,28.597987,1,0,1,1,1,,,4.000
730,28.642376,1,0,1,1,1,,,4.000
731,28.682354,1,0,1,1,1,,,4.000
732,28.719496,1,0,1,1,1,,,4.000
733,28.763257,1,0,1,1,1,,,4.000
734,28.810029,1,0,1,1,1,,,4.000
735,28.856411,1,0,1,1,1,,,4.000
736,28.902176,1,0,1,1,2,,,4.000
737,28.941684,1,0,1,1,2,,,4.000
738,28.988094,1,0,1,1,2,,,4.000
739,29.035919,1,0,1,1,2,,,4.000
740,29.083383,1,0,1,1,2,,,4.000
741,29.117732,1,0,1,1,2,,,4.000
742,29.155157,1,0,1,1,2,,,4.000
743,29.210056,1,0,1,1,2,,,4.000
744,29.240474,1,0,1,1,2,,,4.000
745,29.284687,1,0,1,1,2,,,4.000
746,29.332503,1,0,1,1,2,,,4.000
747,29.371279,1,0,1,1,2,,,4.000
748,29.404751,1,0,1,1,2,,,4.000
749,29.456789,2,1,1,2,2,0.8203125,-0.04921875,0.046
750,29.510701,1,0,1,1,2,,,4.000
751,29.545102,1,0,1,1,2,,,4.000
752,29.575262,1,0,1,1,2,,,4.000
753,29.632493,1,0,1,1,2,,,4.000
754,29.679189,1,0,1,1,2,,,4.000
755,29.730835,2,1,1,2,2,0.9570312499999999,0.0123046875,1.663
756,29.763308,2,1,1,2,2,0.959765625,0.0109375,1.697
757,29.820008,2,1,1,2,2,0.9624999999999999,0.0109375,1.731
758,29.854447,2,1,1,2,2,0.9624999999999999,0.0109375,1.731
759,29.900862,2,1,1,2,2,0.965234375,0.0109375,1.765
760,29.945613,2,1,1,2,2,0.9638671875,0.0123046875,1.748
761,29.982492,2,1,1,2,2,0.965234375,0.008203124999999999,1.765
762,30.031699,2,1,1,2,2,0.9679687499999999,0.009570312499999999,1.800
763,30.067016,2,1,1,2,2,0.9296874999999999,0.007519531249999999,1.321
764,30.110647,2,1,1,2,2,0.9652343749999999,0.0109375,1.765
765,30.158523,2,1,1,2,2,0.9679687499999999,0.0109375,1.800
766,30.206136,2,1,1,2,2,0.9679687499999999,0.00546875,1.800
767,30.251462,2,1,1,2,2,0.970703125,0.00615234375,1.834
768,30.297092,2,1,1,2,2,0.9707031249999999,0.00341796875,1.834
769,30.328089,2,1,1,2,2,0.9761718749999999,0.0,1.902
770,30.370889,2,1,1,2,3,0.9761718749999999,-0.00341796875,1.902
771,30.420924,2,1,1,2,3,0.9816406249999999,0.0,1.971
772,30.466742,2,1,1,2,3,0.9761718749999999,0.004101562499999999,1.902
773,30.523129,2,1,1,2,2,0.9761718749999999,0.0068359375,1.902
774,30.563754,2,1,1,2,2,0.9816406249999999,0.009570312499999999,1.971
775,30.617781,2,1,1,2,3,0.987109375,0.009570312499999999,2.039
776,30.653086,2,1,1,2,3,0.987109375,0.0068359375,2.039
777,30.694692,2,1,1,2,3,0.970703125,-0.009570312499999999,1.834
778,30.729131,1,0,1,1,2,,,4.000
779,30.771903,1,0,1,1,2,,,4.000
780,30.815436,1,0,1,1,2,,,4.000
781,30.861023,1,0,1,1,1,,,4.000
782,30.896839,1,0,1,1,1,,,4.000
783,30.940972,1,0,1,1,1,,,4.000
784,30.980255,1,0,1,1,1,,,4.000
785,31.031662,1,0,1,1,1,,,4.000
786,31.068645,1,0,1,1,1,,,4.000
787,31.111721,1,0,1,1,1,,,4.000
788,31.167026,1,0,1,1,1,,,4.000
789,31.201970,1,0,1,1,1,,,4.000
790,31.258121,1,0,1,1,1,,,4.000
791,31.295265,1,0,1,1,2,,,4.000
792,31.339336,1,0,1,1,2,,,4.000
793,31.386226,1,0,1,1,2,,,4.000
794,31.429718,1,0,1,1,2,,,4.000
795,31.466775,1,0,1,1,2,,,4.000
796,31.507588,1,0,1,1,2,,,4.000
797,31.549059,1,0,1,1,2,,,4.000
798,31.596692,1,0,1,1,2,,,4.000
799,31.633460,1,0,1,1,2,,,4.000
800,31.674592,1,0,1,1,2,,,4.000
801,31.720861,1,0,0,1,0,,,7.000
802,31.761706,1,0,0,1,0,,,7.000
803,31.806946,1,0,0,1,0,,,7.000
804,31.843326,1,0,0,1,0,,,7.000
805,31.887400,1,0,0,1,0,,,7.000
806,31.933038,1,0,1,1,2,,,4.000
807,31.970093,1,0,1,1,2,,,4.000
808,32.021850,1,0,1,1,2,,,4.000
809,32.054364,1,0,1,1,2,,,4.000
810,32.089729,1,0,1,1,2,,,4.000
811,32.136135,1,0,1,1,2,,,4.000
812,32.174258,1,0,1,1,2,,,4.000
813,32.218058,1,0,1,1,2,,,4.000
814,32.264495,1,0,1,1,2,,,4.000
815,32.293296,1,0,1,1,2,,,4.000
816,32.346879,1,0,1,1,2,,,4.000
817,32.385018,1,0,1,1,2,,,4.000
818,32.444141,1,0,1,1,2,,,4.000
819,32.478486,1,0,1,1,2,,,4.000
820,32.519134,1,0,1,1,2,,,4.000
821,32.566142,1,0,1,1,2,,,4.000
822,32.597823,1,0,1,1,2,,,4.000
823,32.626815,1,0,1,1,2,,,4.000
824,32.656072,1,0,1,1,2,,,4.000
825,32.685199,1,0,1,1,2,,,4.000
826,32.715280,1,0,1,1,2,,,4.000
827,32.760808,1,0,1,1,2,,,4.000
828,32.805500,1,0,1,1,3,,,4.000
829,32.837109,1,0,1,1,3,,,4.000
830,32.880597,1,0,1,1,3,,,4.000
831,32.925962,1,0,1,1,3,,,4.000
832,32.967415,1,0,1,1,3,,,4.000
833,33.016452,1,0,0,1,0,,,7.000
834,33.046965,1,0,0,1,0,,,7.000
835,33.078086,1,0,0,2,0,,,7.000
836,33.133387,1,0,1,1,2,,,4.000
837,33.180964,1,0,1,1,2,,,4.000
838,33.229313,1,0,1,1,2,,,4.000
839,33.266552,1,0,1,1,2,,,4.000
840,33.307164,1,0,1,1,2,,,4.000
841,33.364192,1,0,1,1,2,,,4.000
842,33.413438,1,0,1,1,2,,,4.000
843,33.461875,1,0,1,1,2,,,4.000
844,33.504542,2,1,1,2,2,1.00625,-0.045117187499999996,2.278
845,33.539337,2,1,1,2,2,0.9980468749999999,-0.039648437499999994,2.176
846,33.587761,2,1,1,2,2,0.937890625,-0.023242187499999997,1.424
847,33.636277,2,1,1,2,2,0.9132812499999999,-0.0177734375,1.116
848,33.678507,2,1,1,2,2,0.9214843749999999,-0.019140624999999998,1.219
849,33.722562,2,1,1,2,2,0.9406249999999999,-0.021875,1.458
850,33.761327,2,1,1,2,2,0.9501953125,-0.021875,1.577
851,33.808019,2,1,1,2,2,0.9542968749999999,-0.024609375,1.629
852,33.863335,2,1,1,2,2,0.9542968749999999,-0.025976562499999998,1.629
853,33.899532,2,1,1,2,2,0.9419921874999999,-0.030078124999999997,1.475
854,33.940194,2,1,1,2,2,0.9392578125,-0.030761718749999997,1.441
855,33.988046,2,1,1,2,2,0.9392578125,-0.031445312499999996,1.441
856,34.037866,2,1,1,2,2,0.9406249999999999,-0.032812499999999994,1.458
857,34.113879,2,1,1,2,2,0.94609375,-0.035546875,1.526
858,34.157947,2,1,1,2,2,0.9488281249999999,-0.036230468749999994,1.560
859,34.201482,2,1,1,2,2,0.9542968749999999,-0.03759765625,1.629
860,34.240781,2,1,1,2,2,0.9529296875,-0.039648437499999994,1.612
861,34.288804,2,1,1,2,2,0.959765625,-0.038281249999999996,1.697
862,34.348772,2,1,1,2,2,0.965234375,-0.038281249999999996,1.765
863,34.396463,2,1,1,2,2,0.9624999999999999,-0.039648437499999994,1.731
864,34.445581,2,1,1,2,2,0.9693359374999999,-0.041015625,1.817
865,34.491287,2,1,1,2,3,0.97890625,-0.041015625,1.936
866,34.537201,2,1,1,2,3,0.97890625,-0.0369140625,1.936
867,34.592556,2,1,1,2,2,0.9884765624999999,-0.0369140625,2.056
868,34.648563,2,1,1,2,2,0.9884765624999999,-0.038281249999999996,2.056
869,34.698346,2,1,1,2,2,0.9830078124999999,-0.036230468749999994,1.988
870,34.729814,2,1,1,2,2,0.97890625,-0.0341796875,1.936
871,34.781325,2,1,1,2,3,0.9734375,-0.028027343749999996,1.868
872,34.836654,2,1,1,2,3,0.9720703124999999,-0.03212890624999999,1.851
873,34.895806,1,0,1,1,3,,,4.000
874,34.935735,1,0,1,1,3,,,4.000
875,34.979270,1,0,1,1,3,,,4.000
876,35.028173,1,0,1,1,2,,,4.000
877,35.076231,1,0,1,1,2,,,4.000
878,35.137221,1,0,1,1,2,,,4.000
879,35.170216,1,0,1,1,2,,,4.000
880,35.214062,1,0,1,1,2,,,4.000
881,35.260339,1,0,1,1,2,,,4.000
882,35.310100,1,0,1,1,2,,,4.000
883,35.354214,0,0,1,0,2,,,6.000
884,35.405967,1,0,1,1,2,,,4.000
885,35.453027,1,0,1,1,2,,,4.000
886,35.506805,1,0,1,1,2,,,4.000
887,35.542948,1,0,1,1,2,,,4.000
888,35.588005,1,0,1,1,2,,,4.000
889,35.637369,0,0,1,0,2,,,6.000
890,35.673931,0,0,1,0,2,,,6.000
891,35.710132,0,0,1,0,2,,,6.000
892,35.753605,1,0,1,1,2,,,4.000
893,35.802675,0,0,1,0,2,,,6.000
894,35.846070,0,0,1,0,2,,,6.000
895,35.892552,0,0,0,0,0,,,9.000
896,35.940818,1,0,0,1,0,,,7.000
897,35.982363,1,0,0,1,0,,,7.000
898,36.029664,1,0,0,1,0,,,7.000
899,36.062822,1,0,0,1,0,,,7.000
900,36.106873,1,0,0,1,0,,,7.000
901,36.153005,1,0,0,1,0,,,7.000
902,36.198900,1,0,0,1,0,,,7.000
903,36.241096,1,0,0,1,0,,,7.000
904,36.286180,1,0,0,1,0,,,7.000
905,36.335983,1,0,0,1,0,,,7.000
906,36.381181,1,0,0,1,0,,,7.000
907,36.426205,1,0,0,1,0,,,7.000
908,36.472837,1,0,0,1,0,,,7.000
909,36.518586,1,0,0,1,0,,,7.000
910,36.563203,1,0,0,1,0,,,7.000
911,36.602912,1,0,0,1,0,,,7.000
912,36.655537,1,0,0,1,0,,,7.000
913,36.718032,1,0,0,1,0,,,7.000
914,36.769859,1,0,0,1,0,,,7.000
915,36.833287,1,0,0,1,0,,,7.000
916,36.865962,1,0,0,2,0,,,7.000
917,36.916347,1,0,0,1,0,,,7.000
918,36.978796,1,0,0,2,0,,,7.000
919,37.029557,1,0,0,2,0,,,7.000
920,37.092827,1,0,0,2,0,,,7.000
921,37.125608,1,0,0,2,0,,,7.000
922,37.174156,1,0,0,2,0,,,7.000
923,37.225460,1,0,0,2,0,,,7.000
924,37.273720,1,0,0,1,0,,,7.000
925,37.324168,1,0,0,1,0,,,7.000
926,37.369016,0,0,1,0,1,,,6.000
927,37.418189,0,0,1,0,1,,,6.000
928,37.462166,0,0,1,0,1,,,6.000
929,37.500338,0,0,1,0,1,,,6.000
930,37.539266,0,0,1,0,1,,,6.000
931,37.586116,0,0,1,0,1,,,6.000
932,37.636678,0,0,1,0,1,,,6.000
933,37.696465,0,0,1,0,1,,,6.000
934,37.744208,0,0,1,0,1,,,6.000
935,37.794670,0,0,1,0,2,,,6.000
936,37.835080,1,0,1,1,1,,,4.000
937,37.881991,1,0,1,1,1,,,4.000
938,37.934497,1,0,1,1,1,,,4.000
939,37.984592,0,0,1,0,1,,,6.000
940,38.044680,0,0,1,0,1,,,6.000
941,38.091535,1,0,1,1,1,,,4.000
942,38.140468,0,0,1,0,1,,,6.000
943,38.185833,0,0,1,0,1,,,6.000
944,38.233446,0,0,1,0,1,,,6.000
945,38.283919,0,0,1,0,1,,,6.000
946,38.333216,1,0,1,1,1,,,4.000
947,38.390541,1,0,1,1,1,,,4.000
948,38.430507,1,0,1,1,2,,,4.000
949,38.475617,1,0,1,1,2,,,4.000
950,38.535646,1,0,1,1,2,,,4.000
951,38.569623,1,0,1,1,1,,,4.000
952,38.608301,1,0,1,1,1,,,4.000
953,38.658625,1,0,1,1,1,,,4.000
954,38.710699,1,0,1,1,1,,,4.000
955,38.745179,1,0,1,1,1,,,4.000
956,38.796922,1,0,0,1,0,,,7.000
957,38.854664,1,0,0,2,0,,,7.000
958,38.887903,1,0,0,2,0,,,7.000
959,38.946417,1,0,0,2,0,,,7.000
960,38.983153,1,0,0,2,0,,,7.000
961,39.027731,1,0,0,2,0,,,7.000
962,39.082333,1,0,0,1,0,,,7.000
963,39.119023,1,0,0,2,0,,,7.000
964,39.165800,1,0,0,1,0,,,7.000
965,39.212078,1,0,0,2,0,,,7.000
966,39.256902,1,0,0,2,0,,,7.000
967,39.302844,1,0,0,2,0,,,7.000
968,39.343998,1,0,0,2,0,,,7.000
969,39.391098,1,0,0,1,0,,,7.000
970,39.430476,1,0,0,1,0,,,7.000
971,39.467873,1,0,0,1,0,,,7.000
972,39.516042,1,0,0,1,0,,,7.000
973,39.580138,1,0,0,1,0,,,7.000
974,39.622921,1,0,0,1,0,,,7.000
975,39.674639,1,0,0,1,0,,,7.000
976,39.703888,1,0,0,1,0,,,7.000
977,39.758393,1,0,0,1,0,,,7.000
978,39.795939,2,1,0,2,0,0.7328125,,4.140
979,39.838317,2,1,0,2,0,0.7300781249999999,,4.174
980,39.885889,1,0,0,1,0,,,7.000
981,39.923779,1,0,0,1,0,,,7.000
982,39.977093,1,0,0,1,0,,,7.000
983,40.010999,1,0,0,1,0,,,7.000
984,40.053163,1,0,0,1,0,,,7.000
985,40.102838,1,0,0,1,0,,,7.000
986,40.141889,1,0,0,1,0,,,7.000
987,40.194018,1,0,0,1,0,,,7.000
988,40.236415,1,0,0,1,0,,,7.000
989,40.270829,1,0,0,1,0,,,7.000
990,40.317338,1,0,0,1,0,,,7.000
991,40.347721,1,0,0,1,0,,,7.000
992,40.386392,1,0,0,1,0,,,7.000
993,40.420231,1,0,0,1,0,,,7.000
994,40.465554,1,0,0,1,0,,,7.000
995,40.508312,1,0,0,1,0,,,7.000
996,40.546558,1,0,0,1,0,,,7.000
997,40.583569,1,0,0,1,0,,,7.000
998,40.627511,1,0,0,1,0,,,7.000
999,40.676630,1,0,0,1,0,,,7.000
1000,40.726127,1,0,0,1,0,,,7.000
1001,40.773661,1,0,0,1,0,,,7.000
1002,40.822233,1,0,0,1,0,,,7.000
1003,40.864396,1,0,0,1,0,,,7.000
1004,40.904095,1,0,0,1,0,,,7.000
1005,40.944507,1,0,0,1,0,,,7.000
1006,40.987608,1,0,0,1,0,,,7.000
1007,41.021201,1,0,0,1,0,,,7.000
1008,41.060031,1,0,0,1,0,,,7.000
1009,41.102212,1,0,0,1,0,,,7.000
1010,41.145457,1,0,0,1,0,,,7.000
1011,41.172216,1,0,0,1,0,,,7.000
1012,41.209598,1,0,0,1,0,,,7.000
1013,41.258941,1,0,0,1,0,,,7.000
1014,41.306067,1,0,0,1,0,,,7.000
1015,41.321922,1,0,0,1,0,,,7.000
1016,41.363384,1,0,0,1,0,,,7.000
1017,41.410068,1,0,0,1,0,,,7.000
1018,41.439830,1,0,0,1,0,,,7.000
1019,41.490206,1,0,0,1,0,,,7.000
1020,41.543166,1,0,0,1,0,,,7.000
1021,41.587123,2,1,0,2,0,0.48671875,,6.000
1022,41.636652,1,0,0,1,0,,,7.000
1023,41.666755,1,0,0,1,0,,,7.000
1024,41.704611,2,1,0,2,0,0.47031249999999997,,6.000
1025,41.757254,2,1,0,2,0,0.46484374999999994,,6.000
1026,41.798925,2,1,0,2,0,0.47031249999999997,,6.000
1027,41.844324,1,0,0,1,0,,,7.000
1028,41.895100,2,1,0,2,0,0.48398437499999997,,6.000
1029,41.941697,2,1,0,2,0,0.47031249999999997,,6.000
1030,41.985524,1,0,1,1,1,,,4.000
1031,42.028201,2,1,1,2,1,1.080078125,0.06289062499999999,3.000
1032,42.071548,2,1,1,2,1,1.0828124999999997,0.057421875,3.000
1033,42.106498,2,1,1,2,1,1.0896484375,0.057421875,3.000
1034,42.145757,2,1,1,2,1,1.101953125,0.057421875,3.000
1035,42.189736,2,1,1,2,1,1.0869140625,0.0546875,3.000
1036,42.227451,2,1,1,2,1,1.071875,0.05263671874999999,3.000
1037,42.278128,2,1,1,2,1,1.052734375,0.0478515625,2.859
1038,42.309793,2,1,1,2,2,1.0541015624999999,0.05263671874999999,2.876
1039,42.348746,2,1,1,2,2,1.0390625,0.0505859375,2.688
1040,42.396592,2,1,1,2,2,1.04453125,0.051953124999999996,2.757
1041,42.439757,2,1,1,2,2,1.0541015624999999,0.05126953125,2.876
1042,42.490408,2,1,1,2,2,1.0609374999999999,0.0505859375,2.962
1043,42.535423,2,1,1,2,2,1.06640625,0.0505859375,3.000
1044,42.585407,2,1,1,2,2,1.0773437499999998,0.05263671874999999,3.000
1045,42.624870,2,1,1,2,2,1.0746093749999999,0.05537109375,3.000
1046,42.675097,2,1,1,2,2,1.06640625,0.05126953125,3.000
1047,42.720886,2,1,1,2,2,1.030859375,0.026660156249999997,2.586
1048,42.752008,2,1,1,2,2,1.0349609375,0.0287109375,2.637
1049,42.797309,2,1,1,2,2,1.0746093749999999,0.04921875,3.000
1050,42.841656,2,1,1,2,2,1.09921875,0.0505859375,3.000
1051,42.875055,2,1,1,2,2,1.09921875,0.05126953125,3.000
1052,42.915980,2,1,1,2,2,1.085546875,0.0341796875,3.000
1053,42.945889,2,1,1,2,2,1.1429687499999999,0.06152343749999999,3.000
1054,42.989126,2,1,1,2,2,1.09921875,0.030761718749999997,3.000
1055,43.035030,1,0,1,2,2,,,4.000
1056,43.079858,1,0,1,1,2,,,4.000
1057,43.116859,1,0,1,2,2,,,4.000
1058,43.169170,1,0,1,1,2,,,4.000
1059,43.202651,1,0,1,1,2,,,4.000
1060,43.242456,1,0,1,1,2,,,4.000
1061,43.292541,1,0,1,1,2,,,4.000
1062,43.324492,1,0,1,1,2,,,4.000
1063,43.379898,1,0,1,2,2,,,4.000
1064,43.414098,1,0,1,1,2,,,4.000
1065,43.470992,1,0,1,2,2,,,4.000
1066,43.508780,1,0,1,2,2,,,4.000
1067,43.553652,1,0,1,1,2,,,4.000
1068,43.600760,1,0,1,1,2,,,4.000
1069,43.659989,1,0,1,2,2,,,4.000
1070,43.715216,1,0,1,2,2,,,4.000
1071,43.756360,0,0,1,0,2,,,6.000
1072,43.812462,1,0,1,2,2,,,4.000
1073,43.848203,1,0,1,1,2,,,4.000
1074,43.892204,1,0,1,2,2,,,4.000
1075,43.940106,1,0,1,1,2,,,4.000
1076,43.993197,1,0,1,1,2,,,4.000
1077,44.044710,1,0,1,2,2,,,4.000
1078,44.093785,1,0,1,2,1,,,4.000
1079,44.142486,1,0,1,1,1,,,4.000
1080,44.188828,1,0,1,2,1,,,4.000
1081,44.232563,1,0,1,1,1,,,4.000
1082,44.273188,1,0,1,1,1,,,4.000
1083,44.313604,1,0,0,1,0,,,7.000
1084,44.364830,1,0,0,1,0,,,7.000
1085,44.402290,1,0,0,1,0,,,7.000
1086,44.441134,1,0,0,1,0,,,7.000
1087,44.500429,1,0,0,1,0,,,7.000
1088,44.550039,1,0,0,1,0,,,7.000
1089,44.606530,1,0,0,1,0,,,7.000
1090,44.659616,1,0,0,1,0,,,7.000
1091,44.694132,1,0,0,1,0,,,7.000
1092,44.739329,1,0,0,1,0,,,7.000
1093,44.785560,1,0,0,1,0,,,7.000
1094,44.830924,1,0,0,1,0,,,7.000
1095,44.879813,1,0,0,1,0,,,7.000
1096,44.943085,1,0,0,1,0,,,7.000
1097,44.992598,1,0,0,1,0,,,7.000
1098,45.027760,1,0,0,1,0,,,7.000
1099,45.073876,1,0,0,1,0,,,7.000
1100,45.123436,1,0,0,1,0,,,7.000
1101,45.163526,1,0,0,1,0,,,7.000
1102,45.200184,1,0,0,1,0,,,7.000
1103,45.251207,1,0,0,1,0,,,7.000
1104,45.289249,1,0,0,1,0,,,7.000
1105,45.332958,1,0,0,1,0,,,7.000
1106,45.379908,1,0,0,1,0,,,7.000
1107,45.422971,1,0,0,1,0,,,7.000
1108,45.471595,1,0,0,1,0,,,7.000
1109,45.519682,1,0,0,1,0,,,7.000
1110,45.568036,1,0,0,1,0,,,7.000
1111,45.621612,1,0,0,1,0,,,7.000
1112,45.657702,1,0,0,1,0,,,7.000
1113,45.706029,0,0,1,0,1,,,6.000
1114,45.752967,0,0,0,0,0,,,9.000
1115,45.791070,1,0,0,1,0,,,7.000
1116,45.842943,1,0,0,1,0,,,7.000
1117,45.875958,1,0,0,1,0,,,7.000
1118,45.921699,1,0,0,1,0,,,7.000
1119,45.979826,1,0,0,1,0,,,7.000
1120,46.013599,1,0,0,1,0,,,7.000
1121,46.051542,1,0,0,1,0,,,7.000
1122,46.104900,1,0,0,1,0,,,7.000
1123,46.138976,1,0,0,1,0,,,7.000
1124,46.185625,1,0,0,1,0,,,7.000
1125,46.240722,1,0,0,2,0,,,7.000
1126,46.292108,1,0,0,1,0,,,7.000
1127,46.336026,1,0,0,1,0,,,7.000
1128,46.383961,1,0,0,1,0,,,7.000
1129,46.426896,1,0,0,1,0,,,7.000
1130,46.476673,1,0,0,1,0,,,7.000
1131,46.523816,1,0,0,2,0,,,7.000
1132,46.572130,1,0,0,1,0,,,7.000
1133,46.635527,1,0,0,1,0,,,7.000
1134,46.685297,0,0,1,0,2,,,6.000
1135,46.734814,0,0,0,0,0,,,9.000
1136,46.780433,1,0,0,2,0,,,7.000
1137,46.826118,1,0,0,2,0,,,7.000
1138,46.871555,1,0,0,1,0,,,7.000
1139,46.924379,1,0,0,2,0,,,7.000
1140,46.965613,1,0,0,2,0,,,7.000
1141,47.013058,1,0,0,1,0,,,7.000
1142,47.058893,1,0,0,2,0,,,7.000
1143,47.100011,1,0,0,1,0,,,7.000
1144,47.149649,1,0,0,2,0,,,7.000
1145,47.183021,0,0,0,0,0,,,9.000
1146,47.215001,0,0,0,0,0,,,9.000
1147,47.257776,1,0,0,1,0,,,7.000
1148,47.303366,1,0,0,1,0,,,7.000
1149,47.330184,1,0,0,2,0,,,7.000
1150,47.370147,1,0,0,1,0,,,7.000
1151,47.414272,1,0,0,1,0,,,7.000
1152,47.442974,1,0,0,1,0,,,7.000
1153,47.483028,1,0,0,1,0,,,7.000
1154,47.525417,1,0,0,1,0,,,7.000
1155,47.555587,1,0,0,1,0,,,7.000
1156,47.593640,1,0,0,1,0,,,7.000
1157,47.629498,1,0,0,1,0,,,7.000
1158,47.657652,0,0,0,0,0,,,9.000
1159,47.697649,0,0,0,0,0,,,9.000
1160,47.737479,0,0,0,0,0,,,9.000
1161,47.770646,1,0,0,1,0,,,7.000
1162,47.796673,1,0,0,1,0,,,7.000
1163,47.837155,0,0,0,0,0,,,9.000
1164,47.865963,1,0,0,1,0,,,7.000
1165,47.904388,0,0,0,0,0,,,9.000
1166,47.934565,1,0,0,1,0,,,7.000
1167,47.973603,1,0,0,1,0,,,7.000
1168,48.003214,1,0,0,1,0,,,7.000
1169,48.030152,1,0,0,1,0,,,7.000
1170,48.066553,0,0,0,0,0,,,9.000
1171,48.097847,0,0,0,0,0,,,9.000
1172,48.139873,0,0,0,0,0,,,9.000
1173,48.182170,0,0,0,0,0,,,9.000
1174,48.208318,0,0,0,0,0,,,9.000
1175,48.228078,0,0,0,0,0,,,9.000
1176,48.259457,0,0,0,0,0,,,9.000
1177,48.288567,0,0,0,0,0,,,9.000
1178,48.323439,0,0,0,0,0,,,9.000
1179,48.363546,0,0,0,0,0,,,9.000
1180,48.392886,0,0,0,0,0,,,9.000
1181,48.430952,0,0,0,0,0,,,9.000
1182,48.458312,0,0,0,0,0,,,9.000
1183,48.497035,1,0,0,1,0,,,7.000
1184,48.524981,1,0,0,1,0,,,7.000
1185,48.556904,1,0,0,1,0,,,7.000
1186,48.598179,1,0,0,1,0,,,7.000
1187,48.628640,1,0,0,1,0,,,7.000
1188,48.655450,1,0,0,1,0,,,7.000
1189,48.693867,1,0,0,1,0,,,7.000
1190,48.728130,1,0,0,1,0,,,7.000
1191,48.762782,1,0,0,1,0,,,7.000
1192,48.796611,1,0,0,1,0,,,7.000
1193,48.825439,1,0,0,1,0,,,7.000
1194,48.862408,1,0,0,1,0,,,7.000
1195,48.895998,1,0,0,1,0,,,7.000
1196,48.934537,1,0,0,1,0,,,7.000
1197,48.962881,2,1,0,2,0,0.7041015625,,4.499
1198,48.992531,1,0,0,1,0,,,7.000
1199,49.033371,1,0,0,1,0,,,7.000
1200,49.075479,1,0,0,1,0,,,7.000
1201,49.109598,1,0,0,1,0,,,7.000
1202,49.156056,1,0,0,1,0,,,7.000
1203,49.189021,1,0,0,1,0,,,7.000
1204,49.229466,1,0,0,1,0,,,7.000
1205,49.275210,1,0,0,1,0,,,7.000
1206,49.304486,1,0,0,1,0,,,7.000
1207,49.329818,0,0,1,0,1,,,6.000
1208,49.371583,0,0,1,0,1,,,6.000
1209,49.417214,0,0,1,0,1,,,6.000
1210,49.448220,0,0,1,0,1,,,6.000
1211,49.489350,1,0,1,1,1,,,4.000
1212,49.523463,0,0,1,0,1,,,6.000
1213,49.569254,1,0,1,1,2,,,4.000
1214,49.621922,1,0,1,1,2,,,4.000
1215,49.656717,1,0,1,1,2,,,4.000
1216,49.701184,1,0,1,1,2,,,4.000
1217,49.730752,1,0,1,1,2,,,4.000
1218,49.772641,1,0,1,1,2,,,4.000
1219,49.820366,1,0,1,1,2,,,4.000
1220,49.862642,1,0,1,1,2,,,4.000
1221,49.910866,1,0,1,1,2,,,4.000
1222,49.938916,1,0,1,1,2,,,4.000
1223,49.981678,1,0,1,1,2,,,4.000
1224,50.026322,1,0,1,1,2,,,4.000
1225,50.071131,0,0,1,0,2,,,6.000
1226,50.101669,1,0,1,1,2,,,4.000
1227,50.140325,0,0,1,0,2,,,6.000
1228,50.193314,0,0,1,0,2,,,6.000
1229,50.227454,0,0,1,0,2,,,6.000
1230,50.268031,0,0,1,0,3,,,6.000
1231,50.313533,1,0,1,1,3,,,4.000
1232,50.354933,1,0,1,1,3,,,4.000
1233,50.401584,1,0,1,1,3,,,4.000
1234,50.445023,1,0,0,1,0,,,7.000
1235,50.477385,1,0,0,1,0,,,7.000
1236,50.523717,1,0,0,1,0,,,7.000
1237,50.550881,1,0,0,1,0,,,7.000
1238,50.605591,1,0,0,2,0,,,7.000
1239,50.640545,1,0,0,1,0,,,7.000
1240,50.669118,1,0,0,1,0,,,7.000
1241,50.714645,1,0,0,2,0,,,7.000
1242,50.758488,1,0,0,1,0,,,7.000
1243,50.813071,2,1,0,2,0,0.5113281249999999,,6.000
1244,50.851086,1,0,0,1,0,,,7.000
1245,50.895420,1,0,0,2,0,,,7.000
1246,50.940428,1,0,0,1,0,,,7.000
1247,50.971919,1,0,0,1,0,,,7.000
1248,51.012150,1,0,0,1,0,,,7.000
1249,51.056758,1,0,0,1,0,,,7.000
1250,51.106463,1,0,0,1,0,,,7.000
1251,51.144508,1,0,0,1,0,,,7.000
1252,51.179753,1,0,0,1,0,,,7.000
1253,51.224704,1,0,0,1,0,,,7.000
1254,51.255581,1,0,0,1,0,,,7.000
1255,51.284262,1,0,0,1,0,,,7.000
1256,51.314428,1,0,0,1,0,,,7.000
1257,51.356659,1,0,0,1,0,,,7.000
1258,51.399648,1,0,0,1,0,,,7.000
1259,51.442151,1,0,0,1,0,,,7.000
1260,51.475229,1,0,0,1,0,,,7.000
1261,51.507227,1,0,0,1,0,,,7.000
1262,51.554124,1,0,0,1,0,,,7.000
1263,51.597821,1,0,0,1,0,,,7.000
1264,51.640267,1,0,1,1,2,,,4.000
1265,51.685918,1,0,1,1,2,,,4.000
1266,51.715254,1,0,1,1,2,,,4.000
1267,51.759940,1,0,1,1,2,,,4.000
1268,51.792142,1,0,1,1,2,,,4.000
1269,51.835473,1,0,1,1,2,,,4.000
1270,51.881735,1,0,1,1,2,,,4.000
1271,51.920426,1,0,1,1,2,,,4.000
1272,51.968882,1,0,1,1,2,,,4.000
1273,52.003655,1,0,1,1,2,,,4.000
1274,52.047012,1,0,1,1,2,,,4.000
1275,52.093117,1,0,1,1,2,,,4.000
1276,52.129332,1,0,1,1,2,,,4.000
1277,52.176612,1,0,1,1,2,,,4.000
1278,52.211473,1,0,1,1,2,,,4.000
1279,52.256117,1,0,1,1,2,,,4.000
1280,52.309833,1,0,1,1,2,,,4.000
1281,52.342163,1,0,1,1,2,,,4.000
1282,52.385357,1,0,1,1,2,,,4.000
1283,52.429138,1,0,1,1,2,,,4.000
1284,52.463287,1,0,1,1,2,,,4.000
1285,52.507275,1,0,1,1,2,,,4.000
1286,52.551757,1,0,1,1,2,,,4.000
1287,52.597408,1,0,1,1,1,,,4.000
1288,52.640575,1,0,1,1,2,,,4.000
1289,52.694698,1,0,1,1,1,,,4.000
1290,52.737282,1,0,1,1,2,,,4.000
1291,52.780691,2,1,1,2,2,1.05546875,0.02734375,2.893
1292,52.820136,2,1,1,2,2,1.0472656249999999,0.025976562499999998,2.791
1293,52.856939,2,1,1,2,2,1.0390625,0.023242187499999997,2.688
1294,52.900476,2,1,1,2,2,0.9624999999999999,0.0177734375,1.731
1295,52.929871,2,1,1,2,2,0.9542968749999999,0.01708984375,1.629
1296,52.974752,2,1,1,2,2,0.9624999999999999,0.024609375,1.731
1297,53.019582,2,1,1,2,2,0.97890625,0.026660156249999997,1.936
1298,53.058722,2,1,1,2,2,0.987109375,0.02529296875,2.039
1299,53.099376,2,1,1,2,2,0.992578125,0.025976562499999998,2.107
1300,53.150299,2,1,1,2,2,1.003515625,0.02734375,2.244
1301,53.192868,2,1,1,2,2,1.0076171875,0.030078124999999997,2.295
1302,53.239093,2,1,1,2,2,1.01171875,0.02734375,2.346
1303,53.286132,2,1,1,2,2,1.0062499999999999,0.031445312499999996,2.278
1304,53.328803,2,1,1,2,2,1.0103515625,0.031445312499999996,2.329
1305,53.371203,2,1,1,2,2,1.014453125,0.0287109375,2.381
1306,53.407649,2,1,1,2,2,1.0171875,0.032812499999999994,2.415
1307,53.455901,2,1,1,2,2,1.0089843749999998,0.03212890624999999,2.312
1308,53.501387,2,1,1,2,2,1.008984375,0.030078124999999997,2.312
1309,53.525540,2,1,1,2,2,1.0076171875,0.0287109375,2.295
1310,53.565382,2,1,1,2,2,1.0062499999999999,0.032812499999999994,2.278
1311,53.605879,2,1,1,2,2,1.008984375,0.0341796875,2.312
1312,53.643591,2,1,1,2,2,1.003515625,0.0341796875,2.244
1313,53.685355,2,1,1,2,2,1.0062499999999999,0.038281249999999996,2.278
1314,53.723143,2,1,1,2,2,1.008984375,0.0341796875,2.312
1315,53.761023,2,1,1,2,2,1.0130859375,0.0369140625,2.364
1316,53.795298,2,1,1,2,2,1.0199218749999999,0.035546875,2.449
1317,53.839027,2,1,1,2,2,1.0240234375,0.038281249999999996,2.500
1318,53.880290,2,1,1,2,2,1.0294921874999998,0.03896484374999999,2.569
1319,53.918793,2,1,1,2,2,1.028125,0.03759765625,2.552
1320,53.959409,2,1,1,2,2,1.025390625,0.041015625,2.517
1321,54.004317,2,1,1,2,2,1.036328125,0.03759765625,2.654
1322,54.051108,2,1,1,2,2,1.036328125,0.038281249999999996,2.654
1323,54.098143,2,1,1,2,2,1.030859375,0.036230468749999994,2.586
1324,54.128103,2,1,1,2,2,1.030859375,0.0341796875,2.586
1325,54.174548,2,1,1,2,2,1.0335937499999999,0.03486328125,2.620
1326,54.204629,2,1,1,2,2,1.03359375,0.03349609375,2.620
1327,54.249443,2,1,1,2,2,1.036328125,0.030761718749999997,2.654
1328,54.295572,2,1,1,2,3,1.04453125,0.029394531249999998,2.757
1329,54.333048,1,0,1,1,2,,,4.000
1330,54.378420,1,0,1,1,2,,,4.000
1331,54.429911,1,0,1,1,2,,,4.000
1332,54.468629,1,0,1,1,2,,,4.000
1333,54.525394,2,1,1,2,2,1.08828125,0.038281249999999996,3.000
1334,54.578494,1,0,1,1,2,,,4.000
1335,54.634605,2,1,1,2,2,1.085546875,0.035546875,3.000
1336,54.692285,1,0,1,1,1,,,4.000
1337,54.732527,2,1,1,2,1,1.08828125,0.0369140625,3.000
1338,54.780001,1,0,1,1,1,,,4.000
1339,54.826892,1,0,1,1,1,,,4.000
1340,54.865301,2,1,1,2,1,1.085546875,0.038281249999999996,3.000
1341,54.914703,2,1,1,2,1,1.0828124999999997,0.0341796875,3.000
1342,54.948114,1,0,1,1,1,,,4.000
1343,54.991372,1,0,1,1,1,,,4.000
1344,55.037755,0,0,1,0,1,,,6.000
1345,55.096506,1,0,1,1,1,,,4.000
1346,55.133837,1,0,1,1,1,,,4.000
1347,55.177183,1,0,1,1,1,,,4.000
1348,55.205254,0,0,1,0,1,,,6.000
1349,55.235984,0,0,1,0,1,,,6.000
1350,55.277903,0,0,1,0,1,,,6.000
1351,55.322906,1,0,1,1,1,,,4.000
1352,55.377033,1,0,1,1,1,,,4.000
1353,55.411903,1,0,1,1,1,,,4.000
1354,55.454318,0,0,1,0,1,,,6.000
1355,55.499603,1,0,1,1,1,,,4.000
1356,55.531136,1,0,1,1,1,,,4.000
1357,55.577654,0,0,0,0,0,,,9.000
1358,55.619776,1,0,1,1,1,,,4.000
1359,55.660896,1,0,1,1,1,,,4.000
1360,55.695741,1,0,1,1,1,,,4.000
1361,55.745713,1,0,1,1,1,,,4.000
1362,55.780202,1,0,1,1,1,,,4.000
1363,55.824586,1,0,1,1,1,,,4.000
1364,55.873075,1,0,1,1,1,,,4.000
1365,55.908446,0,0,1,0,1,,,6.000
1366,55.955881,1,0,1,1,1,,,4.000
1367,56.005342,1,0,1,1,1,,,4.000
1368,56.052580,1,0,1,1,1,,,4.000
1369,56.097372,1,0,1,1,1,,,4.000
1370,56.155705,0,0,1,0,1,,,6.000
1371,56.199084,1,0,1,1,1,,,4.000
1372,56.235100,1,0,1,1,1,,,4.000
1373,56.285766,1,0,0,1,0,,,7.000
1374,56.329117,1,0,0,1,0,,,7.000
1375,56.362809,1,0,0,1,0,,,7.000
1376,56.408119,1,0,0,1,0,,,7.000
1377,56.442817,1,0,0,1,0,,,7.000
1378,56.485855,1,0,0,1,0,,,7.000
1379,56.517046,1,0,0,1,0,,,7.000
1380,56.558275,1,0,0,1,0,,,7.000
1381,56.598987,1,0,0,1,0,,,7.000
1382,56.630359,1,0,0,1,0,,,7.000
1383,56.676954,1,0,0,1,0,,,7.000
1384,56.707280,1,0,0,1,0,,,7.000
1385,56.735370,1,0,0,1,0,,,7.000
1386,56.774129,1,0,0,1,0,,,7.000
1387,56.820365,1,0,0,1,0,,,7.000
1388,56.851990,1,0,0,1,0,,,7.000
1389,56.888380,1,0,0,1,0,,,7.000
1390,56.933091,1,0,0,1,0,,,7.000
1391,56.967925,1,0,0,1,0,,,7.000
1392,57.003073,1,0,0,1,0,,,7.000
1393,57.047764,1,0,0,1,0,,,7.000
1394,57.095069,1,0,0,1,0,,,7.000
1395,57.132713,1,0,0,1,0,,,7.000
1396,57.164545,1,0,0,1,0,,,7.000
1397,57.205498,1,0,0,1,0,,,7.000
1398,57.252119,1,0,0,1,0,,,7.000
1399,57.287673,1,0,0,1,0,,,7.000
1400,57.338083,1,0,0,1,0,,,7.000
1401,57.378788,1,0,0,1,0,,,7.000
1402,57.432216,1,0,0,1,0,,,7.000
1403,57.463481,1,0,0,1,0,,,7.000
1404,57.508250,1,0,0,2,0,,,7.000
1405,57.555148,1,0,0,2,0,,,7.000
1406,57.585839,1,0,0,2,0,,,7.000
1407,57.629622,1,0,0,2,0,,,7.000
1408,57.684835,1,0,0,2,0,,,7.000
1409,57.733479,1,0,0,2,0,,,7.000
1410,57.764648,1,0,0,2,0,,,7.000
1411,57.811052,1,0,0,2,0,,,7.000
1412,57.847508,1,0,0,2,0,,,7.000
1413,57.882397,1,0,0,2,0,,,7.000
1414,57.928633,1,0,0,2,0,,,7.000
1415,57.970878,1,0,0,2,0,,,7.000
1416,58.010738,1,0,0,2,0,,,7.000
1417,58.049009,1,0,0,2,0,,,7.000
1418,58.088308,1,0,0,2,0,,,7.000
1419,58.127809,1,0,0,1,0,,,7.000
1420,58.158053,1,0,0,1,0,,,7.000
1421,58.193857,1,0,0,1,0,,,7.000
1422,58.234524,1,0,0,1,0,,,7.000
1423,58.270565,1,0,0,1,0,,,7.000
1424,58.297558,1,0,0,1,0,,,7.000
1425,58.339777,1,0,1,2,1,,,4.000
1426,58.371979,0,0,0,0,0,,,9.000
1427,58.395394,1,0,0,1,0,,,7.000
1428,58.436846,1,0,0,1,0,,,7.000
1429,58.476964,1,0,0,1,0,,,7.000
1430,58.506583,0,0,1,0,1,,,6.000
1431,58.548621,1,0,1,1,2,,,4.000
1432,58.589378,1,0,0,1,0,,,7.000
1433,58.621454,1,0,0,1,0,,,7.000
1434,58.663608,1,0,0,1,0,,,7.000
1435,58.694659,2,1,0,2,0,0.5933593749999999,,5.883
1436,58.723026,1,0,0,1,0,,,7.000
1437,58.765830,1,0,0,1,0,,,7.000
1438,58.808386,1,0,1,1,2,,,4.000
1439,58.848065,1,0,0,1,0,,,7.000
1440,58.889344,1,0,0,1,0,,,7.000
1441,58.923947,1,0,0,1,0,,,7.000
1442,58.965339,1,0,0,1,0,,,7.000
1443,59.010555,1,0,0,1,0,,,7.000
1444,59.052500,1,0,0,1,0,,,7.000
1445,59.093196,1,0,0,1,0,,,7.000
1446,59.127033,1,0,0,1,0,,,7.000
1447,59.162659,1,0,0,1,0,,,7.000
1448,59.196024,1,0,1,1,2,,,4.000
1449,59.238016,1,0,1,1,2,,,4.000
1450,59.269999,1,0,1,1,2,,,4.000
1451,59.314643,1,0,1,1,2,,,4.000
1452,59.344359,1,0,1,1,2,,,4.000
1453,59.384125,1,0,0,1,0,,,7.000
1454,59.431233,1,0,1,1,2,,,4.000
1455,59.462536,1,0,1,1,2,,,4.000
1456,59.501676,1,0,1,1,2,,,4.000
1457,59.540470,1,0,1,1,2,,,4.000
1458,59.576598,1,0,1,1,2,,,4.000
1459,59.604349,1,0,1,1,2,,,4.000
1460,59.647468,1,0,1,1,2,,,4.000
1461,59.692467,1,0,0,1,0,,,7.000
1462,59.722352,1,0,0,1,0,,,7.000
1463,59.767619,1,0,0,1,0,,,7.000
1464,59.796561,1,0,0,1,0,,,7.000
1465,59.840094,1,0,0,1,0,,,7.000
1466,59.885210,1,0,0,1,0,,,7.000
1467,59.913066,1,0,0,1,0,,,7.000
1468,59.950847,1,0,0,1,0,,,7.000
1469,59.988551,1,0,0,1,0,,,7.000
1470,60.028041,1,0,0,1,0,,,7.000
1471,60.068771,1,0,0,1,0,,,7.000
1472,60.103270,2,1,0,2,0,0.48671875,,6.000
1473,60.130584,2,1,0,2,0,0.49218749999999994,,6.000
1474,60.171599,2,1,0,2,0,0.48671875,,6.000
1475,60.203941,2,1,0,2,0,0.489453125,,6.000
1476,60.247209,2,1,0,2,0,0.500390625,,6.000
1477,60.291726,2,1,0,2,0,0.500390625,,6.000
1478,60.319951,2,1,0,2,0,0.500390625,,6.000
1479,60.364452,2,1,0,2,0,0.5140625,,6.000
1480,60.407818,2,1,0,2,0,0.522265625,,6.000
1481,60.436549,2,1,0,2,0,0.5291015625,,6.000
1482,60.480261,2,1,0,2,0,0.5291015625,,6.000
1483,60.510075,1,0,1,1,2,,,4.000
1484,60.553296,1,0,1,1,2,,,4.000
1485,60.595338,1,0,1,1,2,,,4.000
1486,60.624149,1,0,1,1,2,,,4.000
1487,60.661266,1,0,1,1,2,,,4.000
1488,60.703985,1,0,1,2,2,,,4.000
1489,60.737297,2,1,1,2,2,1.1429687499999999,-0.060156249999999994,3.000
1490,60.778826,2,1,1,2,2,1.1279296875,-0.0560546875,3.000
1491,60.810582,1,0,1,2,2,,,4.000
1492,60.843882,1,0,1,2,2,,,4.000
1493,60.879335,1,0,1,2,2,,,4.000
1494,60.910424,1,0,1,2,2,,,4.000
1495,60.950033,1,0,1,2,2,,,4.000
1496,60.983232,2,1,1,2,2,1.1060546875,-0.039648437499999994,3.000
1497,61.023519,2,1,1,2,2,0.9980468749999999,-0.0369140625,2.176
1498,61.068376,2,1,1,2,2,0.992578125,-0.0423828125,2.107
1499,61.098997,2,1,1,2,2,0.9966796874999999,-0.04033203125,2.158
1500,61.143400,2,1,1,2,2,0.9953124999999999,-0.049902343749999994,2.141
1501,61.172878,2,1,1,2,2,0.9939453125,-0.0505859375,2.124
1502,61.213059,2,1,1,2,2,1.003515625,-0.053320312499999994,2.244
1503,61.258017,2,1,1,2,2,1.00078125,-0.053320312499999994,2.210
1504,61.294040,2,1,1,2,2,1.0048828125,-0.05537109375,2.261
1505,61.331408,2,1,1,2,2,1.014453125,-0.0560546875,2.381
1506,61.373015,2,1,1,2,2,1.02265625,-0.05537109375,2.483
1507,61.416224,2,1,1,2,2,1.025390625,-0.05810546875,2.517
1508,61.457599,2,1,1,2,2,1.030859375,-0.0560546875,2.586
1509,61.501302,2,1,1,2,2,1.036328125,-0.057421875,2.654
1510,61.531855,2,1,1,2,2,1.041796875,-0.0560546875,2.722
1511,61.560012,2,1,1,2,2,1.04453125,-0.05810546875,2.757
1512,61.610195,2,1,1,2,2,1.0499999999999998,-0.057421875,2.825
1513,61.645242,2,1,1,2,2,1.0609374999999999,-0.0560546875,2.962
1514,61.672573,2,1,1,2,2,1.0609374999999999,-0.0560546875,2.962
1515,61.717136,1,0,1,1,2,,,4.000
1516,61.758476,1,0,1,1,2,,,4.000
1517,61.784704,1,0,1,1,2,,,4.000
1518,61.818330,1,0,1,1,2,,,4.000
1519,61.856560,1,0,1,1,2,,,4.000
1520,61.872465,1,0,1,1,3,,,4.000
1521,61.925643,1,0,1,1,3,,,4.000
1522,61.976444,0,0,0,0,0,,,9.000
1523,62.011596,1,0,0,1,0,,,7.000
1524,62.058866,1,0,0,1,0,,,7.000
1525,62.103371,1,0,0,1,0,,,7.000
1526,62.148418,1,0,0,1,0,,,7.000
1527,62.195361,1,0,0,1,0,,,7.000
1528,62.227182,1,0,0,1,0,,,7.000
1529,62.267132,0,0,1,0,1,,,6.000
1530,62.313407,1,0,1,1,1,,,4.000
1531,62.344480,0,0,1,0,1,,,6.000
1532,62.384460,0,0,1,0,1,,,6.000
1533,62.414791,1,0,1,1,1,,,4.000
1534,62.443045,1,0,1,1,1,,,4.000
1535,62.486347,0,0,1,0,1,,,6.000
1536,62.528286,1,0,1,1,1,,,4.000
1537,62.559483,1,0,1,1,1,,,4.000
1538,62.605587,1,0,1,1,1,,,4.000
1539,62.648222,1,0,1,1,1,,,4.000
1540,62.688883,1,0,1,1,1,,,4.000
1541,62.722873,0,0,1,0,1,,,6.000
1542,62.760197,1,0,1,1,1,,,4.000
1543,62.793697,0,0,1,0,1,,,6.000
1544,62.836460,0,0,1,0,1,,,6.000
1545,62.870395,1,0,1,1,1,,,4.000
1546,62.908960,1,0,1,1,1,,,4.000
1547,62.951968,1,0,1,1,1,,,4.000
1548,62.989910,1,0,1,1,1,,,4.000
1549,63.026736,1,0,1,1,1,,,4.000
1550,63.069527,1,0,1,1,1,,,4.000
1551,63.097447,1,0,1,1,1,,,4.000
1552,63.139726,1,0,1,1,1,,,4.000
1553,63.178991,0,0,1,0,1,,,6.000
1554,63.209606,1,0,1,1,1,,,4.000
1555,63.248632,1,0,1,1,1,,,4.000
1556,63.284707,1,0,1,1,1,,,4.000
1557,63.313680,1,0,1,1,1,,,4.000
1558,63.353437,1,0,1,1,1,,,4.000
1559,63.394817,1,0,1,1,1,,,4.000
1560,63.430877,0,0,1,0,1,,,6.000
1561,63.466931,1,0,1,1,1,,,4.000
1562,63.506718,1,0,1,1,1,,,4.000
1563,63.540060,0,0,1,0,1,,,6.000
1564,63.575384,1,0,1,1,1,,,4.000
1565,63.615468,1,0,1,1,1,,,4.000
1566,63.657451,1,0,0,1,0,,,7.000
1567,63.700459,0,0,1,0,1,,,6.000
1568,63.731085,0,0,0,0,0,,,9.000
1569,63.774189,1,0,0,1,0,,,7.000
1570,63.818497,1,0,0,1,0,,,7.000
1571,63.856477,1,0,0,1,0,,,7.000
1572,63.890884,1,0,0,1,0,,,7.000
1573,63.933619,1,0,0,1,0,,,7.000
1574,63.961451,1,0,0,1,0,,,7.000
1575,64.018070,1,0,0,1,0,,,7.000
1576,64.048574,1,0,0,1,0,,,7.000
1577,64.076040,1,0,0,1,0,,,7.000
1578,64.113532,1,0,0,1,0,,,7.000
1579,64.149983,1,0,0,1,0,,,7.000
1580,64.176730,1,0,0,1,0,,,7.000
1581,64.226110,1,0,0,1,0,,,7.000
1582,64.261990,1,0,0,1,0,,,7.000
1583,64.290156,1,0,0,1,0,,,7.000
1584,64.335648,1,0,0,1,0,,,7.000
1585,64.366004,1,0,0,1,0,,,7.000
1586,64.393891,1,0,0,1,0,,,7.000
1587,64.436049,1,0,0,1,0,,,7.000
1588,64.475536,1,0,0,1,0,,,7.000
1589,64.506688,1,0,0,1,0,,,7.000
1590,64.544179,1,0,0,1,0,,,7.000
1591,64.579288,1,0,0,1,0,,,7.000
1592,64.623510,1,0,0,1,0,,,7.000
1593,64.664572,1,0,0,1,0,,,7.000
1594,64.704303,0,0,0,0,0,,,9.000
1595,64.738891,0,0,0,0,0,,,9.000
1596,64.780540,0,0,0,0,0,,,9.000
1597,64.811081,1,0,0,1,0,,,7.000
1598,64.854777,1,0,0,1,0,,,7.000
1599,64.899310,1,0,0,1,0,,,7.000
1600,64.939258,1,0,0,1,0,,,7.000
1601,64.988725,0,0,0,0,0,,,9.000
1602,65.031933,0,0,0,0,0,,,9.000
1603,65.077897,1,0,0,1,0,,,7.000
1604,65.117543,1,0,0,1,0,,,7.000
1605,65.154632,1,0,0,1,0,,,7.000
1606,65.201414,1,0,0,1,0,,,7.000
1607,65.247712,1,0,0,1,0,,,7.000
1608,65.289899,1,0,0,1,0,,,7.000
1609,65.316460,1,0,0,1,0,,,7.000
1610,65.352204,1,0,0,1,0,,,7.000
1611,65.383617,1,0,0,1,0,,,7.000
1612,65.423978,1,0,0,1,0,,,7.000
1613,65.457066,0,0,0,0,0,,,9.000
1614,65.493817,0,0,0,0,0,,,9.000
1615,65.535903,0,0,0,0,0,,,9.000
1616,65.571739,0,0,0,0,0,,,9.000
1617,65.598350,0,0,0,0,0,,,9.000
1618,65.636604,0,0,0,0,0,,,9.000
1619,65.669200,0,0,0,0,0,,,9.000
1620,65.705402,0,0,0,0,0,,,9.000
1621,65.753543,0,0,0,0,0,,,9.000
1622,65.797761,0,0,0,0,0,,,9.000
1623,65.851834,0,0,0,0,0,,,9.000
1624,65.887137,1,0,0,1,0,,,7.000
1625,65.925659,1,0,0,1,0,,,7.000
1626,65.951256,1,0,0,1,0,,,7.000
1627,65.988469,1,0,0,1,0,,,7.000
1628,66.019788,1,0,0,1,0,,,7.000
1629,66.054885,1,0,0,1,0,,,7.000
1630,66.087348,1,0,0,1,0,,,7.000
1631,66.119048,1,0,0,1,0,,,7.000
1632,66.160294,1,0,0,1,0,,,7.000
1633,66.198294,1,0,0,1,0,,,7.000
1634,66.227643,1,0,0,1,0,,,7.000
1635,66.268128,1,0,0,1,0,,,7.000
1636,66.298732,1,0,0,1,0,,,7.000
1637,66.339096,0,0,1,0,1,,,6.000
1638,66.374342,0,0,1,0,1,,,6.000
1639,66.408869,0,0,1,0,1,,,6.000
1640,66.446707,1,0,0,1,0,,,7.000
1641,66.477182,1,0,1,1,2,,,4.000
1642,66.519872,1,0,1,1,2,,,4.000
1643,66.552819,1,0,1,1,2,,,4.000
1644,66.589698,1,0,1,1,2,,,4.000
1645,66.630119,1,0,1,1,2,,,4.000
1646,66.661813,1,0,1,1,2,,,4.000
1647,66.705086,1,0,1,1,2,,,4.000
1648,66.747118,1,0,1,1,2,,,4.000
1649,66.774668,1,0,0,1,0,,,7.000
1650,66.817532,1,0,0,1,0,,,7.000
1651,66.857362,1,0,0,1,0,,,7.000
1652,66.891406,1,0,0,1,0,,,7.000
1653,66.932927,1,0,0,1,0,,,7.000
1654,66.961024,1,0,0,1,0,,,7.000
1655,67.003347,1,0,0,1,0,,,7.000
1656,67.046097,1,0,1,1,2,,,4.000
1657,67.077809,1,0,1,1,2,,,4.000
1658,67.123879,1,0,1,1,2,,,4.000
1659,67.162080,1,0,1,1,2,,,4.000
1660,67.200331,1,0,1,1,2,,,4.000
1661,67.241701,1,0,1,1,2,,,4.000
1662,67.269612,1,0,1,1,2,,,4.000
1663,67.299980,1,0,1,1,2,,,4.000
1664,67.344867,1,0,1,1,2,,,4.000
1665,67.373457,1,0,1,1,1,,,4.000
1666,67.409836,0,0,1,0,1,,,6.000
1667,67.442761,0,0,0,0,0,,,9.000
1668,67.487687,1,0,0,1,0,,,7.000
1669,67.514645,1,0,0,1,0,,,7.000
1670,67.554999,1,0,0,1,0,,,7.000
1671,67.587192,1,0,0,1,0,,,7.000
1672,67.628518,1,0,0,1,0,,,7.000
1673,67.666965,1,0,0,1,0,,,7.000
1674,67.700192,1,0,0,1,0,,,7.000
1675,67.727094,1,0,0,1,0,,,7.000
1676,67.766878,1,0,0,1,0,,,7.000
1677,67.807220,1,0,0,1,0,,,7.000
1678,67.847629,1,0,0,1,0,,,7.000
1679,67.881077,1,0,0,1,0,,,7.000
1680,67.920588,1,0,0,1,0,,,7.000
1681,67.958220,1,0,0,1,0,,,7.000
1682,67.990268,0,0,1,0,2,,,6.000
1683,68.033133,1,0,0,1,0,,,7.000
1684,68.063545,1,0,1,1,1,,,4.000
1685,68.102549,0,0,0,0,0,,,9.000
1686,68.148139,1,0,0,1,0,,,7.000
1687,68.164906,1,0,0,1,0,,,7.000
1688,68.202487,1,0,0,1,0,,,7.000
1689,68.233688,1,0,0,1,0,,,7.000
1690,68.272877,1,0,0,1,0,,,7.000
1691,68.313653,1,0,0,1,0,,,7.000
1692,68.347599,1,0,0,1,0,,,7.000
1693,68.373451,1,0,0,1,0,,,7.000
1694,68.417066,1,0,0,1,0,,,7.000
1695,68.458029,1,0,0,1,0,,,7.000
1696,68.486174,1,0,1,1,1,,,4.000
1697,68.528519,0,0,0,0,0,,,9.000
1698,68.572161,1,0,0,1,0,,,7.000
1699,68.600829,1,0,0,1,0,,,7.000
1700,68.640800,1,0,0,1,0,,,7.000
1701,68.678592,1,0,0,1,0,,,7.000
1702,68.713116,1,0,0,1,0,,,7.000
1703,68.741422,1,0,0,1,0,,,7.000
1704,68.781415,1,0,0,1,0,,,7.000
1705,68.814746,1,0,0,1,0,,,7.000
1706,68.858040,1,0,0,1,0,,,7.000
1707,68.898746,1,0,0,1,0,,,7.000
1708,68.937704,1,0,0,1,0,,,7.000
1709,68.977566,1,0,0,1,0,,,7.000
1710,69.012162,1,0,0,1,0,,,7.000
1711,69.042272,1,0,0,1,0,,,7.000
1712,69.086948,1,0,0,2,0,,,7.000
1713,69.115449,1,0,0,1,0,,,7.000
1714,69.143257,1,0,0,1,0,,,7.000
1715,69.186665,1,0,0,1,0,,,7.000
1716,69.227977,0,0,1,0,1,,,6.000
1717,69.253304,0,0,0,0,0,,,9.000
1718,69.283632,1,0,0,1,0,,,7.000
1719,69.326672,1,0,0,1,0,,,7.000
1720,69.354466,1,0,0,1,0,,,7.000
1721,69.392626,1,0,0,1,0,,,7.000
1722,69.426197,1,0,0,1,0,,,7.000
1723,69.468249,1,0,0,1,0,,,7.000
1724,69.498588,1,0,0,1,0,,,7.000
1725,69.545648,1,0,0,2,0,,,7.000
1726,69.585915,1,0,0,1,0,,,7.000
1727,69.630103,1,0,0,1,0,,,7.000
1728,69.674161,1,0,0,1,0,,,7.000
1729,69.712205,1,0,0,1,0,,,7.000
1730,69.762851,1,0,0,1,0,,,7.000
1731,69.799532,1,0,0,1,0,,,7.000
1732,69.837200,1,0,0,1,0,,,7.000
1733,69.884813,1,0,0,1,0,,,7.000
1734,69.933416,1,0,0,2,0,,,7.000
1735,69.979568,1,0,0,1,0,,,7.000
1736,70.023589,1,0,0,2,0,,,7.000
1737,70.055446,0,0,1,0,2,,,6.000
1738,70.091614,1,0,0,1,0,,,7.000
1739,70.133957,0,0,1,0,1,,,6.000
1740,70.169766,1,0,1,1,1,,,4.000
1741,70.198570,1,0,1,1,2,,,4.000
1742,70.241927,0,0,0,0,0,,,9.000
1743,70.284960,1,0,0,2,0,,,7.000
1744,70.325133,1,0,1,1,1,,,4.000
1745,70.368577,1,0,1,1,1,,,4.000
1746,70.409496,1,0,1,1,2,,,4.000
1747,70.440858,1,0,1,1,2,,,4.000
1748,70.469728,2,1,1,2,2,0.56328125,0.07656249999999999,3.000
1749,70.513471,2,1,1,2,3,0.5796874999999999,0.046484374999999994,3.000
1750,70.543173,2,1,1,2,1,0.58515625,0.025976562499999998,2.986
1751,70.586209,2,1,1,2,1,0.582421875,0.1025390625,3.000
1752,70.633107,1,0,1,1,1,,,4.000
1753,70.676158,2,1,1,2,1,0.59609375,-0.021875,2.849
1754,70.705674,2,1,0,2,0,0.6097656249999999,,5.678
1755,70.748184,2,1,1,2,2,0.61796875,-0.101171875,2.575
1756,70.783400,2,1,1,2,2,0.6207031249999999,0.0177734375,2.541
1757,70.821895,2,1,1,2,1,0.6234375,-0.07109375,2.507
1758,70.862797,2,1,1,2,1,0.631640625,0.06152343749999999,2.404
1759,70.891776,2,1,1,2,3,0.6207031249999999,-0.0970703125,2.541
1760,70.936863,1,0,1,1,2,,,4.000
1761,70.975857,2,1,1,2,1,0.5373046874999999,0.11074218749999999,3.000
1762,71.004956,2,1,1,2,1,0.546875,0.0943359375,3.000
1763,71.045990,2,1,1,2,1,0.5441406249999999,0.11621093749999999,3.000
1764,71.080991,2,1,0,2,0,0.46757812499999996,,6.000
1765,71.116303,1,0,1,1,2,,,4.000
1766,71.150074,1,0,1,1,2,,,4.000
1767,71.192190,1,0,1,1,1,,,4.000
1768,71.224422,1,0,1,1,3,,,4.000
1769,71.268615,1,0,1,1,3,,,4.000
1770,71.313527,1,0,1,1,1,,,4.000
1771,71.349802,1,0,1,1,1,,,4.000
1772,71.386481,1,0,0,2,0,,,7.000
1773,71.428297,1,0,0,2,0,,,7.000
1774,71.457413,1,0,0,2,0,,,7.000
1775,71.503026,1,0,1,1,1,,,4.000
1776,71.543920,1,0,1,1,1,,,4.000
1777,71.584321,1,0,1,1,1,,,4.000
1778,71.618672,1,0,1,1,1,,,4.000
1779,71.654886,1,0,1,1,1,,,4.000
1780,71.690278,1,0,0,1,0,,,7.000
1781,71.736312,1,0,0,2,0,,,7.000
1782,71.778208,1,0,0,2,0,,,7.000
1783,71.808547,1,0,0,2,0,,,7.000
1784,71.850634,1,0,0,2,0,,,7.000
1785,71.883256,1,0,0,2,0,,,7.000
1786,71.921885,1,0,0,2,0,,,7.000
1787,71.967168,1,0,0,2,0,,,7.000
1788,72.000124,1,0,0,2,0,,,7.000
1789,72.038827,1,0,0,2,0,,,7.000
1790,72.079961,1,0,0,2,0,,,7.000
1791,72.122913,1,0,0,2,0,,,7.000
1792,72.155141,1,0,0,2,0,,,7.000
1793,72.198443,1,0,0,2,0,,,7.000
1794,72.241111,1,0,0,2,0,,,7.000
1795,72.256907,1,0,0,2,0,,,7.000
1796,72.298555,1,0,0,2,0,,,7.000
1797,72.342972,2,1,0,2,0,0.658984375,,5.063
1798,72.371012,2,1,0,2,0,0.6630859375,,5.011
1799,72.410401,2,1,0,2,0,0.669921875,,4.926
1800,72.451888,2,1,0,2,0,0.669921875,,4.926
1801,72.484373,2,1,0,2,0,0.678125,,4.823
