index,x,y,yaw,s
0,8.64926958348203,7.420009550920498,-2.852326823557933,0.0
1,8.624638004374887,7.413357249995902,-2.8577000311962784,0.0255140705670982
2,8.600251476114211,7.405707363063372,-2.765385646842644,0.05107230858714118
3,8.550498850012692,7.384070707685377,-2.7312574440713266,0.10532605186761401
4,8.526366528426525,7.373565209437976,-2.731145145352517,0.13164590062410042
5,8.50287811487802,7.363347908930936,-2.724307851605461,0.1572603262603849
6,8.479403867957233,7.352745732170785,-2.7345024638533495,0.18301777994959068
7,8.455165112821884,7.342775203804295,-2.642042619463291,0.2092271043670273
8,8.408067580306742,7.313816209066058,-2.5975010035083663,0.26451544803243365
9,8.384884219755637,7.300254899859553,-2.5892276694560796,0.29137391622845854
10,8.338389945926645,7.2708694291067655,-2.569184799429709,0.3463759470114063
11,8.292979841124371,7.241034391955994,-2.584947597851028,0.4007101633022607
12,8.27223920518094,7.229704771107419,-2.607470182006726,0.424343493323871
13,8.252758638805878,7.2172448312930655,-2.586772263874332,0.4474679947556979
14,8.230566908589436,7.203878061546423,-2.7422515922112316,0.4733744307023713
15,8.18156694843063,7.187200748458888,-2.7425150030608445,0.5251347327434566
16,8.160535918133908,7.174345543341294,-2.691620671191939,0.5497834757937028
17,8.112601671496142,7.153889105166992,-2.7612323676284825,0.6019002472162427
18,8.06580073207555,7.136467522347917,-2.774147112971686,0.6518386040031032
19,8.042257821071722,7.126811835532153,-2.7948643302620244,0.6772846438996822
20,8.017796271560377,7.119122296714926,-2.8130610439470813,0.7029263367400098
21,7.9943004649082745,7.110463891006705,-2.79529673514192,0.727966722512619
22,7.969831200916236,7.10181474808155,-2.827064524881345,0.7539196135587396
23,7.946820948497775,7.095017496237631,-2.8716564489741336,0.7779128282035295
24,7.923029707740733,7.0888652684279885,-2.9099305880102984,0.8024866566350397
25,7.897750476994329,7.083441907851972,-2.9266383525804995,0.8283411020374736
26,7.872569806567292,7.077848492663853,-2.95774106127872,0.8541355288894437
27,7.820260560261793,7.069032543979508,-2.9961380223502903,0.9071824722533606
28,7.766670007036144,7.0623353174113905,-3.0075558756770344,0.9611898813629978
29,7.741515133276891,7.058414094526358,-2.9776380995474567,0.9866485471323969
30,7.716833617347266,7.05409040419729,-2.9907180761945895,1.0117059118510987
31,7.692575285111265,7.050973774748671,-3.103637005480269,1.036163631736489
32,7.641124401737015,7.0512154311263355,3.1216537524842876,1.087615082617834
33,7.616121425101634,7.052498382748832,3.1203837026017163,1.1126509529940591
34,7.590505048760069,7.05228917550459,3.0773787138676396,1.1382681836122153
35,7.538863246036693,7.057466264918355,3.0680995073502273,1.1901688391313705
36,7.513157237034573,7.057983966218827,3.059749008791773,1.215880060678657
37,7.463785242181117,7.063624679012806,2.991801212017717,1.265573234421474
38,7.414138569501447,7.072928051904942,2.960033159129071,1.3160840734100745
39,7.3885373253661255,7.077438775975613,2.9124337041485093,1.342079656360223
40,7.3384138398854075,7.090591328002932,2.8597868739593015,1.3939000521669627
41,7.288567103251186,7.106381198828541,2.8413755356615615,1.4461878822402312
42,7.2643830159172795,7.113509358095095,2.659981371495356,1.4714005920252475
43,7.243190416706093,7.1300978033361915,2.650251681153641,1.4983134658376613
44,7.219921711549223,7.1373011295325615,2.7893265761619457,1.5226716379359253
45,7.197592391295108,7.146859575826391,2.767959065127989,1.5469607803366543
46,7.173999756716512,7.155304799659044,2.8097371617626417,1.5720193958599182
47,7.149727499821849,7.163353787397173,2.724580050094064,1.5975914246877032
48,7.1046644320928385,7.18601994253687,2.6605053547148825,1.6480338142223623
49,7.058678460355005,7.210880805388686,2.6692488333612485,1.7003097369632343
50,7.035990876980129,7.221106498786986,2.7343416958957936,1.725195299943966
51,7.012864306838022,7.2306435078329,2.8306809450082415,1.7502111506806415
52,6.988395060362271,7.236400608077323,2.872753648427874,1.7753485377030707
53,6.964265206403773,7.244032978707546,2.9347175670092276,1.8006566971283533
54,6.9409885588146905,7.246350177052995,3.0615947281417926,1.8240483993143535
55,6.915629038910079,7.247932092437527,3.0604020501804907,1.8494572108976648
56,6.891032420559146,7.250415081823953,3.0872522952294688,1.8741788384855589
57,6.865805969885026,7.250642163888562,3.106734514453753,1.8994063112063415
58,6.840860978984094,7.252164673609524,-3.1192912643627855,1.9243977218687682
59,6.814945299415584,7.249507712199916,-3.0222083656533174,1.950449245652031
60,6.789904469993351,7.246052199873349,-3.028264048534327,1.975727372631546
61,6.765230760248914,7.243849388070001,-3.046137045759383,2.0004992181904377
62,6.74123164561961,7.241391942830815,-2.9574566294464306,2.024623822645104
63,6.716598775434443,7.234791887497879,-2.866471804484614,2.050125568153149
64,6.692146756390417,7.22753630499045,-2.8242938629250474,2.0756313461818934
65,6.669453133834072,7.219309531024433,-2.821738937007287,2.099770118201569
66,6.646128955206001,7.212293963767038,-2.7960442448821903,2.124126544306751
67,6.597112879227741,7.19326762541829,-2.8167747767877067,2.176705791688846
68,6.573803965792684,7.18793888750456,-2.925219020805632,2.2006160592171753
69,6.550641580895503,7.18305254700989,-2.947970055602167,2.224288245376357
70,6.528231579255928,7.179003096800973,-2.9143345767649587,2.2470611727349628
71,6.505119219656107,7.1725253659171475,-2.9500669323354067,2.271064134295461
72,6.481559722893121,7.169953309219151,-3.0515835035331675,2.2947636145299057
73,6.458187385646328,7.168289626422148,-2.984049992419703,2.318195088850292
74,6.435189032920588,7.162586902261665,-2.9427085647774587,2.341889925649646
75,6.411270793062628,7.158833656047714,-2.9665794307674287,2.366100854071444
76,6.390014333902342,7.154599010187064,-2.9302126757943796,2.38777501568379
77,6.369267603856112,7.149820379029694,-3.019583124462396,2.4090649692616957
78,6.344026980053832,7.148960106136808,-3.1142150586804735,2.434320249093414
79,6.320620845198821,7.1484882149273705,-3.0828840751538125,2.4577311403657376
80,6.297125933455547,7.146203444509929,-3.0349407265605968,2.4813368823300266
81,6.269924695602753,7.143060778892992,-3.117638007971359,2.508719060620006
82,6.2480359588697025,7.145027286587076,3.122978141788938,2.5306959564035267
83,6.2232759910735735,7.1439292220614625,-3.138674395201995,2.5554802609321534
84,6.1985881802363245,7.144882984782685,3.136604802747533,2.580186488229419
85,6.174192744460137,7.144174044004708,3.068897172326592,2.604592222877997
86,6.125394454448065,7.150213230678412,3.0055703293189904,2.653762792162702
87,6.075886358529268,7.157628991115534,3.010761262744222,2.7038232063076677
88,6.026980409462445,7.163162847072191,3.0483098201175345,2.75304124584477
89,5.975202211252058,7.167048431195242,3.071700580977498,2.804965032050049
90,5.924728963540347,7.170321072095001,3.0765613558146865,2.8555442660599333
91,5.87433848649632,7.173616992360544,3.108139895416069,2.9060424171857058
92,5.821731066120117,7.173767921720641,3.1096742784836398,2.958650054067725
93,5.769600635161925,7.176961190134634,3.1033794436768667,3.0108781958597746
94,5.718935875217496,7.177697969064668,3.112310215310667,3.0615483127277905
95,5.669416342503774,7.179895669282879,3.100284907346843,3.111116588937829
96,5.618110469248954,7.1818652098481115,3.1185815241789387,3.162460251842589
97,5.568441037330239,7.182219635301366,-3.1411032650215898,3.212130948279519
98,5.517296938671368,7.181815872854788,-3.116440247735218,3.2632766406860334
99,5.467587420177734,7.179682389110822,-3.091959126583452,3.3130319216294133
100,5.417993608353644,7.176883047011454,-3.079029188228253,3.362704675604128
101,5.367986609873895,7.173442874263898,-3.0635881143083594,3.412829865733311
102,5.31749590864488,7.169027831549038,-3.041765096523225,3.4635132309804177
103,5.268074209621856,7.163435598680832,-3.024431319220584,3.513250313753481
104,5.217829335575653,7.1572970383402055,-3.019609349506133,3.563868781637982
105,5.168592042239432,7.1512398846721466,-2.9826686735991905,3.6134772503266603
106,5.119721263832045,7.141572707409735,-2.900059246905135,3.6632949911261647
107,5.072354516111124,7.127532487005739,-2.8677455892644184,3.712698802503933
108,5.026818641630894,7.115475961236181,-2.9062094360192905,3.7598037457510216
109,4.978031974868956,7.104911213248423,-2.927203469433698,3.8097212051593807
110,4.930304934315407,7.0944615149959445,-2.9057696445829326,3.8585788206718874
111,4.881538638301136,7.081724437415349,-2.859807648987831,3.9089810505059503
112,4.833187421854012,7.066347168081351,-2.824634946705945,3.959718615919428
113,4.786046678814683,7.050401508548668,-2.8447585843903425,4.009483198829688
114,4.762558239026991,7.044743766489717,-2.86098245840961,4.03364343162794
115,4.739211925376718,7.0369030257565255,-2.8016162562425664,4.0582712122080515
116,4.715954306757535,7.028259474590278,-2.865411226900971,4.08308306019644
117,4.667217363408518,7.0164980016717635,-2.951301774665196,4.133219094066483
118,4.615901705335895,7.0089871932180445,-2.9978867039908907,4.185081498629469
119,4.565635262267694,7.001798722885373,-2.9581247305003195,4.235859342266753
120,4.542467877516026,6.99536121146957,-2.8996454036229595,4.259904492910081
121,4.518542851983538,6.990177184751782,-2.9183168745395265,4.2843847089986085
122,4.495481351767199,6.984692378490322,-3.0042489329307847,4.308089474172597
123,4.4448457840709725,6.979991227642195,-3.027630441621905,4.358942807742935
124,4.4213260011999145,6.976204694581846,-3.063264489284754,4.382765444434092
125,4.369465864513274,6.97407475217925,3.1314947620244364,4.4346693020151555
126,4.3166994601866016,6.9772612379591,3.072620524263448,4.487531832385837
127,4.297065637967386,6.979076283503531,3.0788142946411097,4.507249371919563
128,4.272339492136743,6.980049748205833,3.0418843563963924,4.531994672911164
129,4.24420448097929,6.98436451583221,2.951104739011924,4.560458616286944
130,4.223823028816598,6.989404976295926,2.9339850860194874,4.581454088035546
131,4.201720271040055,6.993313500036451,2.9720338106889512,4.6038997659972125
132,4.157207911509613,7.0008096642575195,2.983689875960561,4.649038913408262
133,4.136090339261983,7.003763645429548,-2.9761596356240663,4.670362090057125
134,4.117848171723896,6.99423820463408,-2.996623148670347,4.69094146562675
135,4.098707686988957,6.998306014351212,3.0820632947321958,4.710509430052905
136,4.037155087663155,6.99904749449998,3.0748071317282766,4.772066495257263
137,4.016537445997502,7.003801970423241,-3.1355225849730943,4.793225233148693
138,3.9767135139899916,6.998680605494373,-2.9965654613639447,4.833377119023126
139,3.9555386964485337,6.994892944444904,-3.0190541318041264,4.854888029606819
140,3.9338818220309624,6.993405644416028,-3.0843660721106025,4.8765959146008555
141,3.9125772026194707,6.992431717688965,-3.0776002486390333,4.897922783605427
142,3.8708816415335456,6.989368599244482,3.1265101960795367,4.939730707601662
143,3.848642617903585,6.993396081472147,-3.131284302520021,4.962331477170597
144,3.8271771369094423,6.988918061909025,-3.1181689946650955,4.984259074702418
145,3.8072117563560184,6.992425441576189,3.1403572852442365,5.004530190428316
146,3.7636932466910307,6.98899648793735,-3.0968228911420836,5.048183579833022
147,3.6996091548200223,6.987604877566593,-3.0692103075927695,5.112282779596793
148,3.679292159177283,6.982876647786516,-3.0866903110212953,5.133142704543932
149,3.660829678595803,6.985473651686435,-3.134244436372924,5.15178694275518
150,3.6209446470799587,6.98244788987642,-3.1278984816115747,5.191786579922919
151,3.601913530104345,6.9846667933792626,3.050397198386145,5.210946615050613
152,3.542253891729112,6.989644089531639,3.0459272734300527,5.270813516824898
153,3.480951811149845,6.996274073250131,3.0351633654030636,5.332473080296062
154,3.4613021784691673,6.998292401135668,2.9924326390905365,5.352226098089279
155,3.4212769659269,7.0052417795159005,3.0015080122856603,5.392850124218224
156,3.4025168122011555,7.006581620890684,2.9764366750337112,5.411658062508295
157,3.384139123268433,7.011431698639867,3.0375469771366372,5.43066497453211
158,3.3448577228835483,7.0126025420381675,3.035586768462934,5.4699638204497845
159,3.3275203732501897,7.0174562025548495,3.026685867600975,5.487967756483901
160,3.2886574604902075,7.019088906442944,3.018203110661212,5.52686495060091
161,3.270643289502816,7.024510074661874,2.9029485699114335,5.54567716528236
162,3.2511585870825517,7.028211634669806,3.004676650306177,5.565510348962711
163,3.21166544417833,7.032635924802674,3.0034261986176314,5.605250538690907
164,3.1734094377501805,7.039022841927678,2.9325998330795566,5.644036035183699
165,3.1353250027116686,7.048826948777264,2.9295704896981314,5.6833621677588795
166,3.0748296137375837,7.060242877454615,2.925175750832883,5.744925269651915
167,3.056343659026955,7.0661917984692275,2.7912459809982324,5.764344852108845
168,3.0172422796868994,7.081286522251584,2.8723975650828613,5.806258675035899
169,2.997199339505009,7.0825092291685445,2.926850797109092,5.826338875815264
170,2.9529130421295857,7.095317036106844,2.881186487475442,5.872440026058975
171,2.9327844986154057,7.099672982104462,2.9113124907531183,5.893034504191142
172,2.9136396208785333,7.104524253940567,2.896145243954878,5.912784470823713
173,2.8947054301940844,7.109211716453638,3.060551660700475,5.9322902618019455
174,2.8728578280883053,7.107836505324664,-2.997641044814668,5.95418110288724
175,2.8527068669759443,7.103123846424062,-3.0437353766141984,5.974875797561609
176,2.809311005081698,7.10159806032707,3.1237294609856825,6.018298474272726
177,2.765235072612422,7.104686538152743,3.0473007982979112,6.062482481767699
178,2.7434593853752722,7.107825799519877,2.915257298849495,6.084483288947922
179,2.721724127391428,7.114706286765469,2.899019499272689,6.107281590296072
180,2.7000774176178703,7.1185604799477815,2.9196373636159114,6.12926874220593
181,2.679718143145337,7.124185919535033,2.966941659152805,6.150390901839778
182,2.6570098635850647,7.1261596948766535,3.0247896259778595,6.173184799042467
183,2.6360671622578917,7.129307799988684,3.129390791746481,6.194362790086842
184,2.614615093760803,7.1266770156750265,-3.0703879889154715,6.21597557030848
185,2.591428074452043,7.126123905998938,-3.0423959696232217,6.239169185695879
186,2.56692401431439,7.121930640434448,-2.8068365617434994,6.264029443927122
187,2.5430810734813227,7.109306514306553,-2.6913988406880653,6.291008220549905
188,2.5177465241281065,7.098163448314149,-2.8558472642944355,6.318685057627896
189,2.4932946953140083,7.094680015756921,-2.989593711548322,6.343383766799324
190,2.4702619478632637,7.090889740016836,-2.9433077069854434,6.366726295482302
191,2.421714354215559,7.080297726629028,-2.9593921033363406,6.4164159281695134
192,2.3989898539214467,7.077758294297072,3.1285105121024843,6.439281877311977
193,2.3777383348817396,7.08087305995769,2.9824170235853886,6.460760443991706
194,2.3553672197339894,7.084761198637903,2.971469637644591,6.48346692798528
195,2.333490082263781,7.088474178138529,3.0031688722738012,6.5056569113260245
196,2.309777580189858,7.091112506956185,3.085752820008371,6.529515736392568
197,2.2861078502349503,7.091122747485371,3.0927372318721083,6.55318546856272
198,2.2627961615723495,7.093409631899123,3.006153222111577,6.576609060700218
199,2.240709216013121,7.097309387950517,2.943890074426974,6.599037642050735
200,2.2189310222445737,7.102196666767938,2.8119774361923096,6.621357481164395
201,2.1726791399284795,7.120582136665641,2.7203199181434017,6.671129583000074
202,2.1511183724427307,7.132583513011868,2.651594913752098,6.695805476677471
203,2.1298804743427064,7.143410313328685,2.6621523971611545,6.7196438474441
204,2.0860487118688327,7.166413203343661,2.6405911841446446,6.769144921681001
205,2.0415419761844893,7.191784789096466,2.6019012346189627,6.820375448565738
206,2.021204230664279,7.2052557116985145,2.608587227508742,6.844769907948869
207,1.9986305593030624,7.217100865741704,2.6551877408139073,6.870262618927324
208,1.9769795612070256,7.228640791065372,2.6556167002887054,6.89479699470969
209,1.957612986791612,7.238767589956187,2.656346826753505,6.916651428135491
210,1.9372596744892912,7.249584960149303,2.7319532964217803,6.939700784299401
211,1.8931894966480296,7.266740430562238,2.782976822983246,6.986992334708006
212,1.8725570094685,7.273837032799552,2.8392858380293773,7.008811163515439
213,1.8520421228304362,7.279572881448846,2.903645648751508,7.0301128191670585
214,1.8303900828707331,7.284064277224862,2.9129900857229956,7.052225789804975
215,1.8096905071016396,7.289426823402798,2.928555684434139,7.073608711460608
216,1.7916476804277124,7.292445012351228,2.9418615660653686,7.091902236514947
217,1.7692214213542083,7.297618984004382,2.866403198556022,7.114917602658018
218,1.7456941832343158,7.305420127657509,2.8165432740142813,7.139704469661471
219,1.720750035542724,7.313953973973426,2.7698037935051056,7.166068024751851
220,1.6964190345421002,7.324633620028913,2.7118530618611976,7.192639672227365
221,1.6727471486134766,7.335953979325815,2.572568127845254,7.218879121879155
222,1.6315810289596215,7.366103565715545,2.5116575531191208,7.269905065935362
223,1.6121146828181339,7.380155976585628,2.4810383968759266,7.293913582827535
224,1.5932327116325011,7.395899955263654,2.4376902716227655,7.318498165404208
225,1.5744922331426872,7.412096734305494,2.421823784105199,7.343267928934715
226,1.5594291492729977,7.42553415431501,2.313019967090824,7.363453586025273
227,1.5454392040908465,7.443773367952577,2.26559651148063,7.386440266523259
228,1.530716597187079,7.45998487991655,2.341416785314665,7.4083393138587255
229,1.511742529754562,7.478480974149309,2.3830326941933833,7.434836874818195
230,1.4965237690726894,7.492389911813867,2.4380851965155648,7.455454081798017
231,1.4798358462700965,7.505547477325754,2.5198894846212947,7.476705159362808
232,1.4620026043994605,7.517123751722377,2.6977514972388357,7.497966265743301
233,1.4412192503278891,7.523908955826314,2.9534867839433545,7.51982917500068
234,1.4182229831502646,7.525457481155677,3.0941543315044466,7.54287752059858
235,1.3935202283235686,7.526173416293259,3.0620924228222806,7.567590647862225
236,1.372839215191742,7.529073121687891,3.037503385805776,7.588473956880058
237,1.350991774693911,7.530616228822661,3.0975312440511726,7.61037582520072
238,1.3269015220916396,7.531098512069408,3.1229773696037757,7.634470904938524
239,1.3034578375065615,7.531501188786109,2.9878604886912563,7.657918047524838
240,1.2813354271782063,7.538159197409461,2.8238125850154634,7.6810206473258305
241,1.2618858835753897,7.545175347262866,2.8383605471669773,7.701696989002329
242,1.2393587697493647,7.551292903912512,2.8428668811453073,7.725039982741187
243,1.2172099191679435,7.558932892422029,2.769209120759817,7.748469472844555
244,1.195260613529986,7.56851798816402,2.7663192847551397,7.7724203826053895
245,1.1724854068399166,7.576551771241476,2.7526466646972683,7.7965709873661595
246,1.1508848260437614,7.586704221827861,2.671209448278661,7.820438482912202
247,1.1300849763630907,7.598110188477778,2.6621285245796655,7.8441604099409545
248,1.0930185242445964,7.616790643664116,2.661500274799969,7.885668015010644
249,1.0500899061348765,7.63976588273219,2.657979793127974,7.9343581358057875
250,1.02510560318925,7.652459297061119,2.6465205985043787,7.962382021350173
251,1.0042521814493532,7.664514630400714,2.5783163333119563,7.98646928479355
252,0.9832981732908836,7.678861653762356,2.555439706258635,8.011864314567987
253,0.9662124552624689,7.689772941199143,2.550895518607285,8.032136905770756
254,0.9434256496639979,7.705598803718866,2.572984970165375,8.059880309200679
255,0.922885492441929,7.717459128888803,2.6065037428161086,8.083598769771378
256,0.9020796842621398,7.730107593981045,2.6527201456517675,8.107947595681551
257,0.880053587683501,7.740243164414298,2.706479327375943,8.132193806076145
258,0.8572975921644628,7.750923405479662,2.764397010517847,8.157331484594195
259,0.833734268514897,7.758593239598535,2.8218477355164118,8.182111649582048
260,0.8092857149746214,7.766820442143346,2.8550735996237107,8.207907359146333
261,0.789573706169495,7.771604079729922,2.9020509194986635,8.228191502699687
262,0.7612132901075307,7.778561220819794,2.941529167865265,8.257392787112401
263,0.7371046384629579,7.782243554266061,2.956943327493022,8.281781035588438
264,0.7138158505299758,7.787413968112068,3.0112050160899866,8.305636869732865
265,0.686117319632353,7.788929603020185,3.0820901323762295,8.333376836622918
266,0.6618699054188142,7.7905085358326165,3.122605031723519,8.357675604593105
267,0.637857063930778,7.7898460606460205,-3.074667911845439,8.381697582648677
268,0.6125380561603365,7.78720207663001,-3.0795437539024455,8.407154267545899
269,0.588219758800038,7.7867621617249245,-3.089078815304544,8.431476543583052
270,0.563204907580131,7.7846090195777755,-3.042501642700147,8.45658388917473
271,0.5399721237541943,7.781965545137177,-2.974270571128114,8.479966579383962
272,0.5151565475628685,7.776493591172167,-2.9362954878837932,8.505378291288174
273,0.490982544840582,7.771764403538897,-2.9433591200167575,8.530010538917814
274,0.46680476868996973,7.766781090103422,-2.878424419696179,8.554696532363195
275,0.44301235197995953,7.758840424973568,-2.7797360548705226,8.579779061254982
276,0.41941982546491313,7.74884475297475,-2.785955914698336,8.605401722437442
277,0.3963455317048277,7.741506989202662,-2.7566977805392843,8.62961464893759
278,0.37350576392440893,7.730244983177164,-2.6519407702800444,8.655080072004601
279,0.35108088011850824,7.717383597229543,-2.643216079559686,8.680931390388814
280,0.32875826667287356,7.705893555180916,-2.655163791719626,8.706037567662989
281,0.3076071591599327,7.694394271419703,-2.5927053505498114,8.73011251057143
282,0.28753023039318604,7.6806795065725755,-2.57273681869945,8.75442665961097
283,0.26667655804850293,7.6682250665098035,-2.633725453684756,8.77871634317286
284,0.24449725752018575,7.656728992018642,-2.6994102468518317,8.803697958425516
285,0.22135752319174623,7.646768797712335,-2.6841167107511295,8.828890274226374
286,0.1991775903558777,7.634417709611525,-2.6970755591883817,8.854277255099994
287,0.17591162082838235,7.625122434402483,-2.786761327404526,8.879331346168442
288,0.15561877677968347,7.618278590265157,-2.835827745741892,8.900747174944392
289,0.13138470450342618,7.61106688321532,-2.804197096706482,8.926031537259142
290,0.10689241782226348,7.601184933695524,-2.7907890504209942,8.952442236477147
291,0.055423257436227405,7.583269593649915,-2.8268268174746667,9.006940253686892
292,0.004557707425366993,7.567865730653565,-2.7653859446791738,9.060087061428447
293,-0.04665888910156693,7.542945010457663,-2.721671346231422,9.117044783072537
294,-0.0710542329228408,7.534106650386785,-2.7670837613292383,9.142991833172708
295,-0.09597823000602984,7.523559575740465,-2.7602323723920024,9.170055580403975
296,-0.12063927770286458,7.514223500269273,-2.766224555236436,9.196424683132534
297,-0.14451023057372103,7.504435455026904,-2.7502007999262217,9.222224454849147
298,-0.16900184504625562,7.494265096818785,-2.75191850704155,9.248743794312126
299,-0.192944830772367,7.484544621385248,-2.7348617732112337,9.27458473485489
300,-0.2172167089422675,7.4734965425054165,-2.6953519309610194,9.301252770343645
301,-0.2414656805590576,7.461330938107293,-2.6884538864396563,9.328382358524145
302,-0.2654832498655214,7.449994012891385,-2.6903245057347456,9.354941151959501
303,-0.2891458331237521,7.438224178498338,-2.632843835806321,9.381369296958582
304,-0.3356351824444645,7.410869072862522,-2.6182885973464005,9.435309647389495
305,-0.3585455916277365,7.398183475874977,-2.5657175674611907,9.46149764501962
306,-0.3803973500972766,7.38180549919513,-2.5049209885901926,9.488805839180657
307,-0.4019448020899562,7.366094828371271,-2.4462170984639022,9.515472632484546
308,-0.44389948202832424,7.328818447729815,-2.452168730111642,9.571595031956214
309,-0.4653341094477529,7.31383870694519,-2.4505043542765352,9.597745287912595
310,-0.4846826018204714,7.295083981482526,-2.4188132420046973,9.624691602767825
311,-0.5047330301506477,7.279088961399807,-2.344771646660748,9.650340391114845
312,-0.5275657815907573,7.251209742183704,-2.315810431930849,9.686376281591222
313,-0.5460630184200262,7.234278374793226,-2.3838216969560757,9.711452544710546
314,-0.5645468115823399,7.216217634983922,-2.356423553831561,9.737295163233568
315,-0.5818638932598684,7.198493897554933,-2.314447877867977,9.762074432518155
316,-0.5998438566137482,7.177843270265876,-2.2525182470756877,9.789455584605648
317,-0.6147603191085182,7.1579567600326595,-2.2247729758129036,9.81431467032121
318,-0.6306716912270168,7.137624216453664,-2.226838786356332,9.840132960177144
319,-0.6466073100237709,7.116585371110629,-2.1644901686935705,9.866525704630945
320,-0.6605504570264529,7.093354048961293,-2.0819904744641904,9.893620089236329
321,-0.6734530839390452,7.06872575997446,-2.054153257115748,9.921423513479837
322,-0.68594840393272,7.044966418021306,-2.003399417727033,9.948268240183445
323,-0.6959263489895473,7.020058670171439,-1.9703426643758535,9.975100222788342
324,-0.7070519868885484,6.994988549685516,-1.9728341554419484,10.002528142137763
325,-0.7168693270919982,6.970803951116733,-1.9033282802863618,10.028629386870598
326,-0.7243884642499484,6.94478973945929,-1.837976622799973,10.055708467943603
327,-0.7312159756036625,6.918391280813571,-1.775941822618846,10.082975545714326
328,-0.7357288165457413,6.890287840176595,-1.723820074276556,10.111439015443167
329,-0.7399716046898521,6.861621132909524,-1.7536557163063347,10.140417996736026
330,-0.7458573581390142,6.835516805801691,-1.7550835032937742,10.167177630280172
331,-0.7497908779187575,6.808943236527673,-1.697216857938434,10.194040749269199
332,-0.7527258856978298,6.781475763815942,-1.6491108878081138,10.221664585495056
333,-0.7541118914526159,6.753880984674831,-1.591575650771742,10.249294150236452
334,-0.7538809375162668,6.725897171747072,-1.5540440382191392,10.277278916193957
335,-0.7531780878143505,6.698144344367538,-1.5243005859781293,10.305040642099627
336,-0.7512650150624626,6.6696761705239,-1.4433903917205173,10.333573023166508
337,-0.7459356537655542,6.641606911329174,-1.412492838445917,10.362143732005698
338,-0.7423642664930583,6.613920777856736,-1.3963980208220892,10.390059261621019
339,-0.7363530003420575,6.587218169351893,-1.3719519442103112,10.417430133395612
340,-0.7317310652349087,6.561152437325132,-1.3486341375377147,10.443902471226366
341,-0.7244027164012337,6.534315252854501,-1.2976884250944567,10.471722233391752
342,-0.7168798553841017,6.508132659250622,-1.2534191769787815,10.498964143121228
343,-0.7069228851047468,6.481101126946076,-1.172330092389243,10.527771173441543
344,-0.6949429363538845,6.456024286893368,-1.1532312961098583,10.555562666368381
345,-0.6852233140520343,6.432190230036133,-1.1263270962927052,10.58130238905462
346,-0.6719961800666056,6.407842307692909,-1.0393980031868186,10.609011203462678
347,-0.6571836213129663,6.384487202397346,-1.0286989533040876,10.636667538002833
348,-0.6437881828502652,6.361007280672133,-1.0043713819938445,10.66369982417752
349,-0.6284243396654667,6.339263671548936,-0.983090800686754,10.690323727255574
350,-0.6143274582153142,6.31678773665887,-0.94932333582509,10.716854647250969
351,-0.5965023917001919,6.294688354489476,-0.8792565052989059,10.745246823788484
352,-0.5790600296345207,6.274190525848023,-0.8588921360049099,10.772161447572671
353,-0.5620297533796013,6.254736062994092,-0.8156961675835486,10.798016938947889
354,-0.5427030135397135,6.235560867736637,-0.7469404369423213,10.825242129231896
355,-0.5215161774794225,6.217224631678049,-0.738988785145928,10.853261757620615
356,-0.5029425030549443,6.199329621604856,-0.7188300480460429,10.879053476585163
357,-0.4811569890792199,6.181910338377187,-0.6594589856847882,10.906946845821459
358,-0.4591494395807998,6.165379557656215,-0.6200496732340746,10.93447136118813
359,-0.43554838055525347,6.149346521660064,-0.600495113705154,10.963003242135258
360,-0.41188349972851757,6.133008821610912,-0.5711220763061695,10.991759928791403
361,-0.3646023334329463,6.103759943081187,-0.5773927605747815,11.047356741483462
362,-0.3192240966077817,6.072646000859218,-0.6064977648819347,11.102377299259196
363,-0.27392981843607167,6.040858738649832,-0.6268047507705954,11.157712655712956
364,-0.23065052260278107,6.008498164969967,-0.6576500600012115,11.211752494505419
365,-0.18853383164077395,5.974903459034297,-0.6797930731120208,11.265626606326343
366,-0.16775314135465313,5.957657004760269,-0.6556914535146187,11.292631740538077
367,-0.14624895256217485,5.94237690982048,-0.6860714093931839,11.319011873915137
368,-0.12712375450064076,5.924391582518577,-0.7600605923371235,11.345265353666392
369,-0.10802712190247642,5.906044506706941,-0.7494843833591538,11.371747358262482
370,-0.08695854152869549,5.887012477084232,-0.7775849003368605,11.400139315407529
371,-0.06724877461656979,5.865898455898039,-0.800097864366146,11.429023165607617
372,-0.04703446299756648,5.845897056336932,-0.8271794227659812,11.457460366219372
373,-0.02910255116429306,5.824423627516494,-0.8551937321816072,11.485436456140995
374,-0.007620693734351766,5.800558313118148,-0.8652664156780723,11.517546009703324
375,0.00981137951410343,5.778738515368105,-0.9170489391597277,11.545474145186958
376,0.027661023368474893,5.754506708077305,-0.9823672218793785,11.57557049497072
377,0.04144393016346906,5.731333508173462,-1.014572000895716,11.602532796680755
378,0.05772790819652931,5.706144507794243,-1.0262198634732844,11.632527024136806
379,0.07235859488316886,5.680291215742961,-1.084127260080725,11.662233079122473
380,0.0848324221519387,5.654918583238404,-1.1383876744109729,11.690506155483959
381,0.09602568138477481,5.629012646491527,-1.1801016073561035,11.718726832495449
382,0.10580880753400598,5.603988616499811,-1.173040005930127,11.7455952458144
383,0.116974333868632,5.579152825280864,-1.2027702097619357,11.772825477245668
384,0.12607914040154347,5.551419516920146,-1.2303201485641149,11.802015096884034
385,0.13566578913293853,5.526392751904161,-1.27514387433427,11.828815149142649
386,0.14138878591320217,5.501154585291756,-1.3549757861703675,11.854694054569705
387,0.1467966124557264,5.475621563877047,-1.401466190861413,11.880793475453665
388,0.1500920240194855,5.450248721095909,-1.4321285371525256,11.906379426445781
389,0.15405772686446734,5.423594240701404,-1.4480575672479854,11.933327304361413
390,0.1566911898918282,5.396753034899774,-1.482398146860048,11.960297388832949
391,0.15881538743475507,5.369913705475081,-1.4923395733411833,11.987220646792721
392,0.16095128162115277,5.342565893466812,-1.5296237441719585,12.014651739837205
393,0.16113594508799306,5.313583834921367,-1.5943818599752622,12.043634386681958
394,0.15964187094926846,5.287058652890252,-1.6615275202733553,12.070201613472044
395,0.15617514463446286,5.259058151927258,-1.7090552701607604,12.09841590498398
396,0.15216089354565035,5.2332954117125565,-1.7433085785787896,12.1244895122368
397,0.1471989250563861,5.207542988283451,-1.7809671114622012,12.150715614573222
398,0.1409890664414526,5.180924443052862,-1.8283602466879805,12.178048914670548
399,0.1335608807318547,5.155768954012458,-1.880980448015932,12.204278222168043
400,0.12528536638567267,5.13193160604713,-1.8796684443934188,12.229511202485753
401,0.11771310241707814,5.106102529347917,-1.8797700656085505,12.256427375778848
402,0.10874863703902067,5.0801242111093075,-1.9397030104808504,12.283908908815071
403,0.09791024516538188,5.054880193742858,-2.0135888428802806,12.311381279502804
404,0.08615124823990043,5.032470146420656,-2.061224580726585,12.336689069403874
405,0.07334869379695769,5.008879469796734,-2.0869377974698593,12.363529811268414
406,0.06046635670925116,4.9872064089029084,-2.0828530837938595,12.388742430675144
407,0.04730594821494685,4.962545185462176,-2.113195970616239,12.416695467957894
408,0.03249813793005463,4.940801240456537,-2.1828085953626246,12.443002698709947
409,0.017251447129311148,4.919727523973296,-2.243780995866311,12.46901352543248
410,-0.00010148072378526098,4.899904681241844,-2.2611556709466476,12.495358718524024
411,-0.01693239475443861,4.878339741500976,-2.2663095754867726,12.522714271765267
412,-0.034664121878991205,4.858494806781406,-2.3022948794232008,12.549326967623514
413,-0.05277306627187591,4.838411178285465,-2.3106779987074533,12.576369267832405
414,-0.08987511939402723,4.7980142982768275,-2.3137503995766266,12.631218791625336
415,-0.10853821901658678,4.7776992926999595,-2.3108509993892703,12.65880521471913
416,-0.14514747911011408,4.737487603685924,-2.301339302204603,12.713185522349349
417,-0.16260963322382216,4.717344715769393,-2.287636092779105,12.739843781105478
418,-0.18050013096963713,4.69692194400579,-2.291051322382413,12.766994462793072
419,-0.19903975936341178,4.675829808559604,-2.285218715188091,12.795076414268344
420,-0.21714414871087478,4.65466871063515,-2.2701078674168427,12.822925309740391
421,-0.2344311319345842,4.633752932732792,-2.24900920995974,12.850060334233426
422,-0.2511044704875712,4.612519143862799,-2.2175713696242707,12.877058000952573
423,-0.2669147224158034,4.590735610110122,-2.1964456260623524,12.903974286149236
424,-0.28256486641974393,4.5689736670938785,-2.1467527709014496,12.930779307529313
425,-0.29698962798856016,4.544424092756422,-2.103103514917688,12.959253073463373
426,-0.3115819567399256,4.519710369004606,-2.1188014641834,12.987953320850266
427,-0.32631628364863985,4.496376266236514,-2.1274988523311755,13.015550073221604
428,-0.3402675077712116,4.473619196233981,-2.1057030024125876,13.042243160147216
429,-0.3535766207012623,4.450369370638827,-2.048021965667811,13.06903283870426
430,-0.3658600576157033,4.424125744055875,-1.9900707499163157,13.098008876367416
431,-0.3770258412397606,4.397757554845023,-1.962164743156707,13.12664375241392
432,-0.38762241775711404,4.371388381196298,-1.9543572794677668,13.155062421503175
433,-0.3978553149103856,4.346141658928958,-1.9442903171314203,13.182304102240487
434,-0.40776334119304913,4.3199938232818695,-1.9512174590677267,13.210266188962422
435,-0.41841683583034806,4.294725146384566,-1.9138922341813844,13.237688861701002
436,-0.42620434294067994,4.268370747968531,-1.8594927347699883,13.265169756571161
437,-0.4340408020529593,4.242118076633749,-1.8249609475157964,13.29256707110435
438,-0.44019397742787597,4.2145194793602565,-1.8013339387819163,13.320843282637348
439,-0.4468091195832188,4.187717798513861,-1.8047731456027416,13.348449263908215
440,-0.4530738947510482,4.1604798637997735,-1.7512998927821388,13.37639836935709
441,-0.4567906705900631,4.133021316510137,-1.710441169775019,13.404107325344185
442,-0.46080737774161595,4.105460659692181,-1.6964545097527282,13.431959142889518
443,-0.463741613289459,4.077996495307321,-1.6974894527560083,13.459579607469408
444,-0.4678751913149196,4.049972585774176,-1.6458851312247225,13.487906731799534
445,-0.4679752676010915,4.0217205372617215,-1.6195454950796233,13.516158957559874
446,-0.4706175677404147,3.9937623205438517,-1.6271129683230694,13.544241757136653
447,-0.47111748609424076,3.9659839771689795,-1.6147417021784927,13.572024598586239
448,-0.4730521943549876,3.938396786754546,-1.6295130410621421,13.599679546986415
449,-0.47437569662885704,3.9105574206642264,-1.596142178517004,13.6275503554171
450,-0.47447590977250953,3.882237279891135,-1.546277973607712,13.655870673495855
451,-0.47298103601504254,3.853686507459261,-1.4777427463622335,13.68446055376856
452,-0.46928644263576613,3.82662974731754,-1.4580424350811447,13.711768396773913
453,-0.4668025034864327,3.7991222990906026,-1.4355876658750022,13.73938776790461
454,-0.46181209682597846,3.771686942412565,-1.4101732216293241,13.767273300976221
455,-0.45796346111720954,3.744566659841919,-1.4161115579793344,13.79466530206286
456,-0.4533797110696065,3.717609069501118,-1.397343190397672,13.822009815982135
457,-0.4484691689650685,3.6903797724711036,-1.354849898909906,13.849678354803494
458,-0.4413508134033384,3.662774482701497,-1.3138704737150162,13.878186652002157
459,-0.4341292510304601,3.635799860994219,-1.257930519323269,13.906111214296956
460,-0.42427799531532173,3.6099975712566663,-1.171996211510797,13.933730146116737
461,-0.41288255937693014,3.58537811926999,-1.1779259421703807,13.960858975364424
462,-0.40354373400085936,3.5599648798376275,-1.210263916595048,13.987933804964094
463,-0.39340416090207825,3.5337127619571893,-1.1790671174989154,14.016076026550778
464,-0.38226868118036667,3.508461129692337,-1.1783548607983305,14.0436739221349
465,-0.37198966971645075,3.481975913014756,-1.1710015753638257,14.072083863689464
466,-0.36031442755628484,3.456504708038478,-1.0993832620855386,14.100103384785335
467,-0.3462393953260247,3.431459906265268,-1.0754476826043684,14.128832266213998
468,-0.333387036333843,3.406664847166477,-1.0506093492794648,14.156760353999886
469,-0.31902612251954166,3.3839515411878005,-1.0265339704443293,14.183632832747904
470,-0.30476863949704674,3.3593803434220746,-1.03817880571492,14.21204092282413
471,-0.2899700628506394,3.334657071989212,-0.9986824500719409,14.240854774026332
472,-0.2744125398760325,3.3122402448493813,-0.9738166489479225,14.268141229643035
473,-0.2589566936075236,3.289029849872958,-0.9624769287158476,14.296026810483987
474,-0.2428431892515227,3.266909352920724,-0.9154876260646595,14.323393969782032
475,-0.2254189418301601,3.2453958479078118,-0.9053596249733789,14.351078537615784
476,-0.2081053962490013,3.2226491188868054,-0.8599851369370722,14.37966476754815
477,-0.18891385663159874,3.2029944269687562,-0.8582754894842544,14.40713515355344
478,-0.17099080047767592,3.179688502491438,-0.8613083006343876,14.436535868810715
479,-0.13269196031767397,3.13751649426135,-0.815283744660862,14.493503222933583
480,-0.0930254420647939,3.096918029688234,-0.782329865281914,14.550262962150747
481,-0.07365386275473597,3.0788395825729244,-0.7796819473967256,14.576759911693422
482,-0.054414406966935766,3.058745908477585,-0.8027573513737891,14.604579192734825
483,-0.015335797303287128,3.0184608297464934,-0.7816062023502,14.660704278940678
484,0.024106618603152538,2.980818133508477,-0.7754327505583385,14.715226538180403
485,0.06377024277815871,2.9409159326051983,-0.7602595300050925,14.77148832556422
486,0.10256993604309689,2.906203790087161,-0.8134220436034656,14.823549338190233
487,0.13331021967316878,2.8673649415092295,-0.9254305537170694,14.873081360120665
488,0.14773717978004156,2.846214167796108,-1.0074394649627236,14.898683946056252
489,0.17580616566132687,2.800085744011833,-1.0022937992944112,14.952681163107002
490,0.18952640212111016,2.780801775477665,-1.0086230220980228,14.976347940051468
491,0.20251647488738658,2.757687164365315,-1.0366994623854868,15.002862600851643
492,0.2158035631285404,2.7363721707383535,-1.058851558663723,15.027979839299483
493,0.2270887581950134,2.713957607038253,-1.1144694890061249,15.053075023968141
494,0.23732673659889753,2.6925262716942293,-1.149057295618556,15.076826199442763
495,0.24743415946431419,2.668610571885731,-1.1529063246957292,15.10279003379577
496,0.25786801885623434,2.6462667209607273,-1.1463308596638857,15.127449983024611
497,0.26782758935729833,2.6234863029389546,-1.1733343746456213,15.152312414317876
498,0.27750178942694825,2.5994978989897106,-1.2391303952850152,15.178178099520856
499,0.28463188346322593,2.5746915497018095,-1.3168579118454362,15.203988818339973
500,0.2905498749399623,2.5492242727463497,-1.3407175961679045,15.230134655841283
501,0.29651670993889867,2.5239507880741248,-1.368135465150242,15.256102947032304
502,0.30119012677126117,2.4974422896844293,-1.4254421979274707,15.28302025209365
503,0.30423930692469847,2.471195953620235,-1.4478983276793664,15.309443114474604
504,0.3077138462216278,2.4446274204240166,-1.5036756222005154,15.336237878506488
505,0.3078527442330855,2.417441910159201,-1.459646317593254,15.363423743602453
506,0.31391645396280493,2.3890534828841266,-1.413078259527219,15.392452546175733
507,0.3167599047716299,2.3614357546720868,-1.5313963260750207,15.420216265740954
508,0.3160307610350752,2.335418638591325,-1.6317207353734167,15.446243597139862
509,0.313451224238807,2.307195001342378,-1.6705587699823006,15.474584869335082
510,0.3104886970849957,2.280050449095145,-1.6865324995347037,15.501890606531497
511,0.3071791391062915,2.253244232330416,-1.7253865404431274,15.528900353499061
512,0.30220362807608847,2.2268843126738154,-1.7986502933890538,15.555725734657848
513,0.2952198680999973,2.2016691537376674,-1.8613322041102034,15.58189015981069
514,0.28716992821985493,2.1766037876518243,-1.8530358050575853,15.608216460521028
515,0.28085490734795787,2.152131483418003,-1.9039133928589036,15.633490422678257
516,0.27045224050292593,2.128288359081208,-1.966096983687605,15.659504074010364
517,0.2608156733993896,2.104106262209793,-1.9463880700966378,15.685535540251038
518,0.25069762932474043,2.07818919105545,-1.9881324755657603,15.71335764285159
519,0.23861218793798594,2.054028623686172,-2.041246663089963,15.740372285346325
520,0.22658188155025843,2.0307669618318194,-2.041112483921251,15.76656070232805
521,0.21387269301840237,2.0053636715764815,-2.078891629462413,15.794965818573814
522,0.19981285201975055,1.9826956433699647,-2.1242767816495554,15.82164012515672
523,0.18574443886809355,1.9598416423462508,-2.1454715634132056,15.848477144577615
524,0.17050636228391156,1.9374405570184452,-2.1862875279965257,15.875569719240225
525,0.15429189414071473,1.9153621114120796,-2.242686839525045,15.902962541978305
526,0.1365136967559325,1.894700546504088,-2.291016813823776,15.930219918350573
527,0.11878798351893133,1.8748998810545339,-2.2960237998570245,15.956795607655003
528,0.10065258291894197,1.854241655159674,-2.3086356030438306,15.98428478829112
529,0.08175301697198153,1.8341633998242464,-2.342228685647166,16.011858869060895
530,0.06278159492246388,1.8152978165569162,-2.3649477093836677,16.0386137767714
531,0.04349029805783466,1.7965647292401614,-2.3897185456241745,16.065503973779535
532,0.02342725470556124,1.7784974478653146,-2.430374963012751,16.092503091632402
533,0.002639005341899268,1.7613652867196687,-2.4670488194454454,16.119441210667077
534,-0.019192398470353294,1.744415500264517,-2.4631699834880973,16.147080050246352
535,-0.04062020637615917,1.7264959439707255,-2.4685295375756873,16.175013210637083
536,-0.0835150660565494,1.6931341216118871,-2.493526066393984,16.229354540930913
537,-0.10694470488782734,1.676277811373055,-2.49368785184258,16.258217721120076
538,-0.1512735347061299,1.6418474916817967,-2.4717837843340216,16.314346965432662
539,-0.1729389837598523,1.624014095952038,-2.4370032284157515,16.34240800044482
540,-0.19367123254688087,1.6058024837404508,-2.4045540059566894,16.370003089846968
541,-0.23402889478360445,1.5685643822359288,-2.3918820133970495,16.424915903514403
542,-0.25397096109167044,1.549660052534004,-2.423801112176437,16.452394252993848
543,-0.2754719322057667,1.5323776424960125,-2.4021206728966593,16.47998000032051
544,-0.3159692808341546,1.4931100364091505,-2.3624246498831414,16.536389043334218
545,-0.33564164564025584,1.4729530304477616,-2.3225944887339667,16.564554746350332
546,-0.3544162757247373,1.4519885333237639,-2.3211215505941114,16.592697185378803
547,-0.3733722311844727,1.432478434042412,-2.2946561987617,16.61989961580992
548,-0.3910656070332678,1.410526271007046,-2.255584018818513,16.648094526890787
549,-0.4095777729978877,1.3881420810758465,-2.2288127887443907,16.677141940675455
550,-0.425765314337494,1.3656326322070802,-2.194669617348308,16.704867592750688
551,-0.4425174938009404,1.3423780166374306,-2.1776069978153183,16.733527890412567
552,-0.45825632189151255,1.3188279015276492,-2.1341005033293885,16.76185312000296
553,-0.4728592257408614,1.2943356551200134,-2.1329173846723575,16.790368290262414
554,-0.48804216601042333,1.2715418971593104,-2.090597662918535,16.817755825332227
555,-0.5003297230409763,1.2463353231444043,-2.0647337205186327,16.84579785506169
556,-0.5143946552730265,1.2226010938952256,-2.0963166674195315,16.873386547613983
557,-0.5285363564104298,1.19769608564157,-2.0441483791017885,16.902026504792275
558,-0.5400330253833713,1.1725447362637993,-1.9943622726726513,16.929680867431756
559,-0.5513438551207509,1.1471090367524075,-1.9890669173946238,16.957518066985266
560,-0.5628026413332826,1.1213194856200062,-1.966463899462488,16.985738710653955
561,-0.5731460262994891,1.0949127287957212,-1.9353630708396523,17.01409893664981
562,-0.5827333904494161,1.0690935658264251,-1.9276351627761676,17.04164066367951
563,-0.592358544200959,1.0433767413138266,-1.8821035531751908,17.069099699492014
564,-0.599792982884705,1.016075507823002,-1.8515818609780228,17.09739507417875
565,-0.6078741146137558,0.9895788873086684,-1.864661816573998,17.125096619058105
566,-0.6158130629418535,0.9631388568951804,-1.8051665053885857,17.15270281598601
567,-0.6208258195185112,0.9353326988124022,-1.7698724544783535,17.180957198934877
568,-0.6269349718230572,0.9080112326256168,-1.790561633120703,17.208953346106867
569,-0.6330071820821123,0.8807989713528699,-1.7325388822872414,17.23683486150697
570,-0.6359126353560025,0.8529902182449931,-1.6814951708757606,17.26479498325459
571,-0.6391721086121862,0.8253356660803396,-1.6872260734042037,17.29264096000771
572,-0.6425878470314818,0.7959169893472591,-1.6570152558069016,17.32225726986688
573,-0.6441627208300003,0.7675961430098353,-1.6283395825483078,17.350621870423723
574,-0.6458342419236095,0.7395626716128628,-1.6027897355191218,17.378705130585807
575,-0.6459552480452885,0.7115872446853633,-1.5405138438486952,17.406680819214642
576,-0.6441312769530189,0.6833438871152818,-1.5147315233188952,17.434983012016204
577,-0.6428027688022939,0.6554169679260952,-1.5159863952351302,17.46294151250006
578,-0.6411220613971731,0.628496133983929,-1.461954473836037,17.489914759941243
579,-0.6367578094147772,0.600097532300406,-1.429044226396595,17.518646750351678
580,-0.633117755859273,0.5724079234063112,-1.411357695901232,17.54657459363745
581,-0.6277768855161954,0.5442472394396293,-1.3858778202616873,17.575237270021432
582,-0.6226727502009106,0.5165688491454181,-1.3468418528077268,17.603382349282207
583,-0.6152534135957968,0.4892655543455048,-1.318770349236068,17.63167574891164
584,-0.6086501874932083,0.46211252998841207,-1.2945896753651247,17.659620145965413
585,-0.5998638300242326,0.434972072360422,-1.2680232731637222,17.68814740517182
586,-0.5920871652472842,0.4090900349818564,-1.244380272382961,17.715172511534576
587,-0.5823850034379368,0.38333981677014,-1.199948315775272,17.742689882079844
588,-0.5721436635553684,0.3578001739753569,-1.1666753513875394,17.77020639342622
589,-0.560611889583884,0.3324275327374251,-1.1547925759539364,17.798076677499374
590,-0.5496352559182356,0.3068517207327831,-1.1261605240683978,17.82590846950648
591,-0.5370990487389986,0.2830781060129371,-1.0659291516004377,17.85278487639595
592,-0.5239087518477628,0.26029963725913274,-1.0264212597359732,17.87910677926879
593,-0.5070670168518263,0.23347055884423362,-0.9965054260366485,17.910783955378193
594,-0.49265299330920337,0.2119938078864958,-0.9820451932963709,17.93664927784647
595,-0.4776211507737018,0.18937331301698665,-0.9494424209607611,17.963808863229048
596,-0.46127896752190306,0.16817257777383043,-0.8810944154234072,17.99057709306006
597,-0.4431395237510536,0.14756904507834823,-0.8415341969201382,18.018027866816908
598,-0.42452426687035905,0.12704105501469756,-0.7904323540738993,18.045739347556626
599,-0.4048797243170085,0.10892207905199681,-0.7302177248030924,18.07246396807905
600,-0.3845810008135774,0.09127946141089886,-0.7256812298706589,18.099358207854486
601,-0.3643014791041927,0.07292228333479388,-0.6959198792613908,18.126712274968526
602,-0.34268569038095054,0.05628273885524206,-0.6086526352358064,18.153990778641102
603,-0.31947017731394955,0.04167866713500044,-0.5626831118806099,18.181417753643352
604,-0.29652055148587314,0.02716668151643927,-0.541317296755536,18.208570710245574
605,-0.27135690296413334,0.012751924383949642,-0.4990066980833458,18.237570614212906
606,-0.24662454407108864,-2.731310730885836e-05,-0.4573405993980104,18.26540940885765
607,-0.2213089703549125,-0.011878711086509773,-0.3969893365412695,18.293361759503718
608,-0.19674647631623934,-0.020938637531814613,-0.39184918214906894,18.319541873724134
609,-0.17253251610401008,-0.03203402938686842,-0.3906173945908814,18.346176880568073
610,-0.1473543653921554,-0.041277163497335796,-0.29888800603849597,18.37299804388089
611,-0.12146198418983561,-0.047769793257318345,-0.2154991179340306,18.39969204405933
612,-0.09473118855654797,-0.052796281653708525,-0.22618798091246903,18.426891327520252
613,-0.06918706074541343,-0.0597996082567881,-0.21916179256242685,18.45337809873044
614,-0.04251915590452825,-0.06442596180581357,-0.13557597698054322,18.4804443192971
615,-0.01605570138379458,-0.06704740560287263,-0.07615323703545519,18.507037295677193
616,0.009490293669573243,-0.06839432397625315,-0.09930083762594033,18.532618774375095
617,0.03538363365134986,-0.07217223045476609,-0.10404642182871165,18.55878626628342
618,0.06127785337035645,-0.07380216282781608,0.014226085832978744,18.58473173398776
619,0.0865922908324694,-0.07144368255344268,0.10580458866178777,18.610155800799106
620,0.11215150488634262,-0.0683993210893331,-0.052110306087042715,18.635895683467368
621,0.13815991499841992,-0.07413332223159717,-0.09618580245023016,18.662528673642292
622,0.19069950048505585,-0.0759779091341115,0.06361707640484036,18.71510062951183
623,0.2447317177386842,-0.06734437465212005,0.12841360367043858,18.769818253902834
624,0.2961103704178658,-0.062366821226370314,0.12317407508090208,18.821437455652124
625,0.3492842494582946,-0.05440068704694617,0.12613105645875614,18.875204738510483
626,0.4020221927917124,-0.048936755696486284,0.10312156319977937,18.928224972505078
627,0.42676314702834994,-0.04638249989218401,0.05486491712082685,18.953097427937806
628,0.4507227805758649,-0.04626211774998347,0.04740137968259548,18.97705736390582
629,0.4750507702477201,-0.04409188408509706,-0.08782625271598654,19.00148196207312
630,0.5259994462274893,-0.052890436384206554,-0.09277460484586447,19.053184787011915
631,0.5510624031760016,-0.051164135535693094,0.0480315727863624,19.078307126186893
632,0.5757018142838901,-0.05050131593351644,0.012029927576474132,19.10295545086766
633,0.6002405238967484,-0.05057249776436011,-0.07552578133093431,19.127494263722348
634,0.6503034671624548,-0.056146401599491184,-0.0739205031322911,19.17786654471486
635,0.700478914991987,-0.0579956957088688,-0.060070645941948816,19.228076060283094
636,0.7497198512802563,-0.06212560168769121,-0.07646717850225189,19.27748988355087
637,0.7989917885012394,-0.06554341401015802,-0.073361682984484,19.326880219028375
638,0.8500792189473643,-0.06950137052627013,-0.06693918961460579,19.37812073980413
639,0.9008610397302568,-0.0723726624733939,-0.05736127760485947,19.428983669718477
640,0.9521767131116639,-0.07536424487949134,-0.0492479720669156,19.480386470224673
641,1.0018398513892837,-0.07734968851793599,-0.042352784878257256,19.53008927990404
642,1.0521163883635325,-0.07959950109123258,-0.09754389968114785,19.580416129862463
643,1.075534124180915,-0.08456100122027026,-0.058624544874115864,19.604353691023597
644,1.1480754284192116,-0.08523150971889541,0.003163672179868671,19.676898093993366
645,1.1979518932968836,-0.08417371023768683,-0.020103753773155746,19.72678577472154
646,1.247191102986635,-0.08722437532215574,0.010583772696830683,19.776119397417723
647,1.321430844351126,-0.08286678828769166,0.045108013213928655,19.8504869156137
648,1.371119400264594,-0.0816304214689677,0.025802840108417303,19.900190850987833
649,1.4211452893786147,-0.08029330124977072,0.016322290053421725,19.95023460656362
650,1.4956345946881668,-0.07959786784393885,0.022503118744373427,20.024727158091416
651,1.5461505639149482,-0.07747981779021232,-0.012614683925103155,20.07528751096747
652,1.5706245678515676,-0.08054389283387736,-0.03075139529360086,20.09995257582777
653,1.620331271381953,-0.07976169737923353,0.03507790738523708,20.149665433375766
654,1.669782104087762,-0.07706422664794284,0.04945740574465488,20.19918978297921
655,1.720905557990729,-0.07478349446407284,0.05647231297203738,20.250364085888613
656,1.7707906014918346,-0.07135397164519465,0.00010171574616730828,20.300366877729395
657,1.7948970774831623,-0.07477596836143166,0.013373618133643341,20.32471502439904
658,1.8192533678079759,-0.07070581047232205,0.13335336453536648,20.349409053305415
659,1.869012267242245,-0.06483345213472519,0.08253784275494383,20.399513271344965
660,1.9192548177515487,-0.06243311207732056,0.05593083887342497,20.449813127349444
661,1.9935686576449756,-0.057859635247560166,0.05555720732113445,20.524267566371023
662,2.0446683576599027,-0.05545830841202261,0.053702861510403606,20.575423658014017
663,2.1169103786139054,-0.05122945685650282,0.04289838580468621,20.647789345857063
664,2.166832873559903,-0.050214430763052924,0.0289268084402312,20.697722158511702
665,2.216948207169404,-0.04833487435086965,0.0266218569551134,20.74787272575773
666,2.2683607682853,-0.04751093096480405,-0.03110568828297261,20.799291888753636
667,2.3407212224971055,-0.05218616138565493,-0.02526353294834996,20.871803219683542
668,2.3932740573311686,-0.05066735351166642,0.019274658270459988,20.92437799715767
669,2.4432593034958314,-0.05020953012759149,-0.0035488582674005334,20.974365339919544
670,2.5176390123070864,-0.05110870896317746,-0.008279340699211617,21.048750483634038
671,2.5675505937990133,-0.051238603579528384,-0.048582040362674085,21.098662234150687
672,2.642072061022604,-0.05715868085151407,-0.06889062151041377,21.173418480659343
673,2.690867175576457,-0.059747424522938734,0.004434021231055463,21.22228221770554
674,2.741140641197098,-0.05671940578489044,-0.02877014819911667,21.272646790998557
675,2.8151927963208063,-0.06332527826658035,-0.0868731431669007,21.346993002937765
676,2.8646774411772205,-0.06747851565315759,-0.06888506177951441,21.396651632171313
677,2.9393015162443343,-0.07188806329710366,-0.06680018041002089,21.47140587412484
678,2.9888542358602903,-0.07578590821137997,-0.07647581480072017,21.521111660672418
679,3.0386975860839707,-0.07950431252403138,-0.0815214478482959,21.57109351830249
680,3.1130506286529083,-0.08593306641499728,-0.079769908935716,21.645723966618505
681,3.164245994466945,-0.08954059441519002,-0.08401418990163546,21.69704627891155
682,3.2140495102169044,-0.09443842641938291,-0.09983178221042771,21.74709004914719
683,3.2636794504559865,-0.09950032303877404,-0.10207986142027184,21.796977460039322
684,3.315389969245332,-0.1048193288727862,-0.14091037191614636,21.848960818689235
685,3.3641424574400807,-0.11375104733062637,-0.17733810229487773,21.89852472390048
686,3.414916939080434,-0.12265663333199692,-0.12733010390887903,21.950074286923595
687,3.465366602579917,-0.1267100385797587,-0.09823888755362842,22.000686524982328
688,3.514358890868131,-0.13245724853934493,-0.09491070366803302,22.05001475963587
689,3.5863456152057536,-0.1382268438696067,-0.13213063921446275,22.122232324750847
690,3.613006347062567,-0.14556798690167397,-0.1920884443803052,22.149885299349577
691,3.6618431177489605,-0.15291008137911172,-0.10786822821522792,22.199270889579836
692,3.7126296365979923,-0.15635604882030052,-0.009745230510782958,22.250174182090326
693,3.7658633606303606,-0.1539238147152371,-0.011941484293137756,22.30346344120599
694,3.8183970552221522,-0.15761912882709922,-0.0068463616029628,22.35612694293014
695,3.871528419187023,-0.1546472472180199,0.006974763601452944,22.4093413574911
696,3.9241436075466147,-0.15688155966267245,-0.046406962651470124,22.46200396470168
697,3.9766933837972096,-0.1595311403005124,-0.046885927710109826,22.51462049500865
698,4.029473093925497,-0.16182365226221523,-0.035107696522028026,22.567449969852916
699,4.081058191254275,-0.16319665438895273,-0.03322296428173214,22.61905333603439
700,4.157252747774591,-0.16607043373638364,-0.024993132295958086,22.695302067506233
701,4.2083454713332324,-0.16637862479348847,-0.019159211316108794,22.74639572055989
702,4.257867958067858,-0.16799837771803558,-0.022491603762307535,22.795944689186065
703,4.31917393760974,-0.16887175515855657,-0.009039475904204954,22.85725688956856
704,4.372927250501333,-0.1690384817494006,-0.006391308667708224,22.911010461027374
705,4.425250042457237,-0.1695497295184159,-0.016981195566448226,22.963335750633284
706,4.479672861960242,-0.17085132410780782,-0.011987410821157032,23.017774132599797
707,4.5265422646883575,-0.17076401916351733,-0.009025085954769654,23.064643616640524
708,4.587008725089832,-0.17182006580076437,-0.018435738421586034,23.125119298265318
709,4.640854906047642,-0.17287169590653884,-0.014146072527428107,23.178975747550624
710,4.694113132401836,-0.17333527358605644,0.005893643870793336,23.23223599143534
711,4.748654536201186,-0.17223635592080738,0.020546315220733267,23.28678846478384
712,4.8020670287113285,-0.17111690663239584,0.01071865339415719,23.34021268703232
713,4.860079714114555,-0.1710419823186805,0.008623556532340152,23.398225420818505
714,4.916563151703971,-0.17012951836696485,0.040383555419531585,23.45471622814484
715,4.971565103596367,-0.1665373568860415,0.053561501648658943,23.509835356730825
716,5.026912931567292,-0.16421335987544847,0.029851103619210867,23.565231954308693
717,5.0817047152630686,-0.1632485910072019,0.016564810631259957,23.62003223112856
718,5.137229299383573,-0.16238582297557105,0.01767597206478519,23.675563517899455
719,5.191467053187902,-0.16130823290224638,0.053612598651642696,23.729811975371582
720,5.21902522184431,-0.1579963246131561,0.05451816632627089,23.757568441216684
721,5.247170915779347,-0.15826834811347346,0.006024818796911607,23.78571544965221
722,5.29970798487003,-0.15751021970426088,-0.010443386706357156,23.838257988488124
723,5.32600129898252,-0.15909163422007355,0.03310520252843445,23.86459881685188
724,5.353555965634221,-0.1557269198759263,0.07621759223465907,23.89235815684591
725,5.4091989172310715,-0.15273820469598245,0.03378450818542487,23.948081316132118
726,5.4641751941333325,-0.1519882811182908,-0.020373220843219988,24.003062707596925
727,5.490357611358585,-0.15439189749951282,-0.0016546725375479407,24.02935522256726
728,5.544782908039251,-0.15212166061053387,0.016445901318405662,24.083827847750108
729,5.570941524618114,-0.153066502919913,0.014302236806143698,24.110003522494218
730,5.599723496244603,-0.15133583372568304,0.016777067285955276,24.13883748001947
731,5.624993689334685,-0.15215958102348343,-0.004382456202951278,24.16412109563157
732,5.6784876507543105,-0.15168101639303766,0.03268288233133352,24.217617197662186
733,5.733513621109472,-0.14861157348003137,0.010317322193589714,24.272728710917796
734,5.790699623813639,-0.15052324823234586,-0.02067011349601752,24.329946657452425
735,5.842678341718322,-0.15086834205809285,-0.02826355088476201,24.381926520907065
736,5.898150737437147,-0.1535610071755616,-0.02274829044307327,24.437464230008366
737,5.92533721586964,-0.15274901455260192,-0.10563993457142577,24.46466283183971
738,5.948566938366033,-0.15890687240862358,-0.10648202164187331,24.488694877541946
739,5.977611632818689,-0.15833643363250513,-0.025208143563552488,24.51774517317289
740,6.003434072991278,-0.16029026405323013,-0.02396535993413842,24.543641425214062
741,6.0599978232492955,-0.16031122642074774,-0.011878414064143302,24.60020517935638
742,6.0847082613744545,-0.16125571792345816,-0.011649263981991738,24.624933661245407
743,6.114430242787116,-0.16094535273015972,-0.039134901948327715,24.654657263073716
744,6.140742525414737,-0.16344973354142978,-0.06730516753411146,24.68108845942053
745,6.194195185405118,-0.16632206682177345,-0.034915880525930705,24.734618237661437
746,6.248616095577444,-0.16721776557972357,-0.03890985000445476,24.789046518364117
747,6.301332146125469,-0.17049285493077002,-0.042356146696300785,24.84186420664787
748,6.355310698573511,-0.1717396423067496,-0.008483892992111114,24.895857156216742
749,6.4072410153128505,-0.17139139600190395,-0.035830596735413243,24.947788640618178
750,6.4339389294492,-0.17455814500352274,-0.08173968368634617,24.97467370930827
751,6.487479605411105,-0.17796471911516362,-0.05317891500058724,25.028322648996166
752,6.541316866240758,-0.18027377612239662,-0.037767459531636446,25.082209404306752
753,6.594821570278689,-0.18202068106176997,-0.019587415811007022,25.135742618585866
754,6.647106844666919,-0.18234619346453013,-0.05552771889689663,25.188028906235466
755,6.672859167149785,-0.18635838991331619,-0.14690943539171664,25.214091903638014
756,6.728502347242965,-0.19439073569370632,-0.10019147629887136,25.270311847337894
757,6.752624806919858,-0.1943770765056961,-0.028199526847250623,25.294434310882004
758,6.806396963378612,-0.19658790945083324,-0.06743879627034711,25.348251897157645
759,6.856652171650111,-0.20140321159352167,-0.07091342297409478,25.398737272199703
760,6.909243269212922,-0.20389334278896556,-0.14899459885646327,25.45138728925793
761,6.93089760348602,-0.21254797119290852,-0.22364217426786026,25.474707083116826
762,6.960090396883125,-0.21545836228122314,-0.10619632814647696,25.504044594303238
763,7.015229808632075,-0.22153756100508468,-0.11111046654721243,25.559518113978342
764,7.068553292245447,-0.22755956483195186,-0.1321566647174647,25.613180562997712
765,7.12567175564783,-0.2362187710427684,-0.1583905545978835,25.670951669215704
766,7.1781135652381165,-0.24505946589736538,-0.14020981124754006,25.724133445028627
767,7.23234540480224,-0.25127425030510425,-0.11996046637501068,25.77872021968828
768,7.286914018239184,-0.25817418861513997,-0.1509450347196485,25.833723335246518
769,7.313037911273924,-0.2635477401081777,-0.16824128771545363,25.860394159060917
770,7.364714757491184,-0.2713883977134177,-0.1443132036669827,25.912662431910178
771,7.418929764634768,-0.2789363103244031,-0.13278845925073157,25.967400334540457
772,7.472969169450124,-0.28584842449253367,-0.12959014250647122,26.02188000593329
773,7.528428892046117,-0.2932062888877166,-0.11989681821478908,26.077825684934282
774,7.582959285113767,-0.29909944589872767,-0.11465222987928082,26.13267359344198
775,7.635274721861153,-0.3055103617293493,-0.16969379573223076,26.18538037444649
776,7.660522825357125,-0.31238930790294694,-0.19154085427205858,26.211548802572814
777,7.715015360618323,-0.32097351952981656,-0.13283643148135862,26.266713330019783
778,7.770032110582789,-0.32702230089700723,-0.1105129407226652,26.322061595870494
779,7.8238029655404375,-0.3330451417408704,-0.12959011388465966,26.376168706814504
780,7.87978674533992,-0.3413255741048843,-0.12186885867201734,26.432761543470498
781,7.934664323315562,-0.34662297494524974,-0.05490632981619811,26.487894210920352
782,7.961809231340649,-0.345833658866295,-0.055953796437037503,26.515050592335463
783,7.988103827279333,-0.3496162425252557,-0.14451572118412814,26.54161586505598
784,8.041880401642041,-0.35748643691635384,-0.10672069258038332,26.595965289247424
785,8.09669993822002,-0.36124989467673796,-0.08518707873917565,26.65091385797254
786,8.151777264639728,-0.36687094123802505,-0.09145685537555892,26.70627727594856
787,8.204778006165638,-0.3711620265301517,-0.08517848358500178,26.75945144275238
788,8.259253110801538,-0.37604777536658934,-0.0654819334443697,26.814145204433075
789,8.314845251947066,-0.3783797618126192,-0.040892814515473434,26.869786235317925
790,8.369856152474016,-0.3805731678031558,-0.06178155394294819,26.924840846447466
791,8.423920818725165,-0.3851272069210003,-0.060003952527295255,26.97909697429617
792,8.478598130286448,-0.3871059585418841,-0.04578966185137601,27.033810079285253
793,8.533285649839463,-0.39013848841898197,-0.04230989977984874,27.088581614158002
794,8.58646966230962,-0.3916727176033241,-0.014741060551994924,27.14178775141317
795,8.641549408593185,-0.3917345266497979,0.007696750490845572,27.19686753237697
796,8.696078192382519,-0.3908290714364282,0.01947237951488536,27.25140383322959
797,8.750349953051847,-0.3896156533429883,0.01803544037336752,27.305689157117527
798,8.805174108543117,-0.3888612651801319,0.011366452682811655,27.36051850260725
799,8.859807792695712,-0.38837145240542165,0.01813303667684871,27.415154382399194
800,8.911837219832815,-0.38692692705841764,0.043345498931634426,27.46720385830139
801,8.96821741080763,-0.38366943828515887,0.02933276272027507,27.52367807513938
802,9.02347061843757,-0.383651471598995,0.026212658773142137,27.57893128569043
803,9.05070533232727,-0.3815067151845779,0.06055168820070021,27.606250319727728
804,9.10468329189288,-0.37872788819568914,0.06136005140066006,27.660299760042136
805,9.158185914911774,-0.37490341176288516,0.0969334763977128,27.713938899575567
806,9.21082096071765,-0.3684072501348297,0.11624545846957028,27.76697330503923
807,9.262632902217334,-0.362706937269556,0.11195221521499087,27.81909787552886
808,9.317874314779427,-0.3563720677617498,0.12960875167988992,27.87470133075906
809,9.372493538512757,-0.34838776755401324,0.14173561032581322,27.929901046800346
810,9.426394949774863,-0.34088699708045456,0.1426739435102938,27.984321848831776
811,9.481038354759368,-0.33279530743658314,0.1700115727135027,28.039561120637195
812,9.533388437652523,-0.32251956026593376,0.20132820558228215,28.092910180224365
813,9.584876565282023,-0.3116026355913519,0.20359936890864574,28.145542931730837
814,9.637243916386481,-0.30107755192704083,0.20409550504120338,28.198957506968675
815,9.690350026930787,-0.2897720130426777,0.21901372088306847,28.253253677981093
816,9.74383075478717,-0.27735302166381315,0.24385560469543963,28.30815740826344
817,9.795734704484953,-0.2635515586332594,0.2649667476216632,28.36186495313391
818,9.848636976301453,-0.24891418324069745,0.261750090900563,28.41675487134964
819,9.901989885691627,-0.23508618268918272,0.3799854358280888,28.47187062716999
820,9.926737062989229,-0.21772133398649687,0.43277212370027063,28.502102411018555
821,9.95428278210104,-0.21092788443521707,0.26866763456866005,28.530473480758566
822,10.007171275604257,-0.19557584506864184,0.2881039256718975,28.585545051080764
823,10.058787757342172,-0.17995793621616424,0.30052916834847504,28.63947259751044
824,10.109653857999088,-0.16381483784637593,0.28356842272121835,28.69283887732285
825,10.165263784392355,-0.14892850104704072,0.28461436576001264,28.75040681055627
826,10.192165332648871,-0.13967553535658017,0.3087870525976149,28.778855196673355
827,10.219056464259834,-0.13176914094511474,0.2701531109182037,28.806884539011477
828,10.244740593462268,-0.12511623738842373,0.21106645480329522,28.833416324074342
829,10.296594147190577,-0.11515610295007915,0.20852481079314963,28.88621779481413
830,10.32203670050252,-0.10876032537660786,0.1870237112027941,28.912451923154904
831,10.375592816504986,-0.10020677226203052,0.1517927186943572,28.96668679046509
832,10.40094545123399,-0.09668970233048191,0.08793797059867718,28.992282217177802
833,10.427316789493652,-0.09564651001375492,0.07475899235167324,29.018674180572276
834,10.45288988769086,-0.09279913789984678,0.06814830620579981,29.044405307235508
835,10.479843519402102,-0.09206135056499076,0.05784007407664324,29.071369034584983
836,10.506414042575026,-0.08969983983816512,0.01819059425664465,29.098044293432757
837,10.532326757922796,-0.09110654395101915,-0.003966613654952006,29.12399516303583
838,10.559306960111272,-0.08990964670748457,-0.013166284704520179,29.15100190058672
839,10.585638771069165,-0.09180850565667774,-0.07896138973724788,29.177402088723007
840,10.61176068036682,-0.09406009482110858,-0.07554307971757748,29.20362085679323
841,10.639106468635232,-0.09585532119069927,-0.056216540617306146,29.231025509203704
842,10.666115684496953,-0.09711896811616734,-0.09852401548932588,29.258064269253254
843,10.693581263589108,-0.10123983046175931,-0.11300286339542785,29.285837269475387
844,10.720741479818162,-0.10331824943904286,-0.14305779062896554,29.313076894492156
845,10.747098234610228,-0.10894850938964155,-0.19724043802595095,29.340028301696243
846,10.773325887939517,-0.11382664805755568,-0.23314496286942615,29.36670574602708
847,10.798652529267239,-0.12119075704162427,-0.23396978162306023,29.3930812813216
848,10.82536986186277,-0.12623053284553323,-0.2388318547221463,29.42026979362319
849,10.85161542205655,-0.13408610682352334,-0.3205956567554327,29.44766576910152
850,10.876966031359455,-0.1433630722441096,-0.31832001562576245,29.47466049968812
851,10.903074361766942,-0.1510431634572138,-0.32237698412918886,29.501874994313376
852,10.92797446553741,-0.1604013946117607,-0.3461190082668552,29.5284755893842
853,10.950895725368834,-0.16828929633885276,-0.3745868200893051,29.552716116315686
854,10.976559000692761,-0.17950237811559303,-0.3888917411643917,29.58072213179957
855,11.002164236485305,-0.1892970808118681,-0.4241388179479357,29.608136804894464
856,11.027475957805242,-0.20249372526816398,-0.4378886886534279,29.63668211381001
857,11.05302257077963,-0.21310914793054317,-0.4126730923347765,29.664346470530603
858,11.0779102029277,-0.2245744913954322,-0.47966961619512244,29.691748082430372
859,11.10256471171439,-0.23888052311145638,-0.4853955001271976,29.720252596931985
860,11.126478447552598,-0.2501936625631667,-0.5126378427278698,29.746707348603344
861,11.1493248412052,-0.26519838734762696,-0.5475166611466052,29.774040468966504
862,11.172863226325791,-0.278474164376191,-0.5748077447634313,29.80106456617247
863,11.2180002403343,-0.30968442461590395,-0.6088279980837334,29.85594106731672
864,11.240658270254881,-0.32573922694027024,-0.6330044225757603,29.883710528916765
865,11.283792960445323,-0.3579582831783864,-0.6451155318152835,29.93754981831308
866,11.305824421318178,-0.374778423621339,-0.6200900970611143,29.96526808652581
867,11.351351783429113,-0.40619832508996306,-0.5957632708271451,30.02058490954628
868,11.37488917691667,-0.4215998418658025,-0.5937022157663094,30.04871346463154
869,11.398457562652462,-0.43799147253696774,-0.59908495331107,30.077421553426355
870,11.42195042668725,-0.4537329959174096,-0.5695047201196282,30.105700701555214
871,11.446033970143962,-0.4684532195517912,-0.5430963761748985,30.133926612510884
872,11.47017590810017,-0.4828441349583457,-0.5422855606826148,30.16203233460657
873,11.494497329080296,-0.49765436527326806,-0.5433543857242262,30.190508191757388
874,11.518191615123559,-0.5118455498220802,-0.532133555966726,30.218127187213383
875,11.542491020682538,-0.5259124081210955,-0.4444142855308287,30.246204537745875
876,11.593629908275474,-0.5477680908388599,-0.4166027691137348,30.30181799557132
877,11.618038691636912,-0.559342552633314,-0.44814342117547157,30.32883200806515
878,11.643119968858667,-0.5715612945184148,-0.41780219660209383,30.35673125752332
879,11.667742488408653,-0.5814080075603649,-0.3386427529179982,30.383249670498458
880,11.694893125334497,-0.5897963454421999,-0.3225335158002959,30.411666589717456
881,11.720684681019927,-0.5991014745675642,-0.32520976147471026,30.439085374750974
882,11.746908721564937,-0.607335034354973,-0.3172843729875442,30.466571586008243
883,11.773074192410762,-0.6163050508125472,-0.30898753624562864,30.494231901621646
884,11.799870100476538,-0.624240916315046,-0.2829555715607912,30.52217825469934
885,11.826011951518986,-0.6316970757560577,-0.26364177340806194,30.54936263789145
886,11.853082583835103,-0.6386042869946905,-0.18406765379632364,30.577300581643442
887,11.88116419522393,-0.6419650453198532,-0.17143119904498172,30.60558258289359
888,11.907554847900894,-0.648035100363586,-0.19705360091745086,30.632662319172773
889,11.935286759420231,-0.6527703114726348,-0.09412993501157432,30.66079559379134
890,11.963616931730002,-0.6533278619864693,-0.060926165045008224,30.689131251992215
891,11.99106542127544,-0.6561729026097481,-0.06863468238361174,30.716726792111487
892,12.019155412461272,-0.6571457248155312,-0.042041839011354026,30.7448336238053
893,12.046741575632252,-0.6585150105952398,0.001638439186382794,30.772453749475588
894,12.075096259007639,-0.6570540690584141,0.0655654218059211,30.800846044548237
895,12.102561189380403,-0.6548499207096177,0.12189737018882589,30.828399277939695
896,12.130548549087612,-0.6502609008577533,0.13998221479399525,30.85676036759756
897,12.158401267628316,-0.6469818439133024,0.12435636663964188,30.884805441042865
898,12.187191338318698,-0.6431804732703242,0.142369065136129,30.913845389202642
899,12.215520835492448,-0.6387943925268721,0.20635050197741966,30.942512410575738
900,12.242904005979968,-0.631518135015939,0.25578435763895496,30.97084581752432
901,12.269692706476885,-0.6246277657578446,0.29230105425178665,30.998506469411552
902,12.29524179228876,-0.6157686234204891,0.32777216460431985,31.025547922567327
903,12.32189606881198,-0.6068766623747488,0.3618027923472325,31.053646275334266
904,12.347989498605507,-0.5958055966318443,0.4060279868023534,31.0819912144782
905,12.373167868536235,-0.5848340453466406,0.47477486717923983,31.109456196727827
906,12.397657182780003,-0.5702770292466413,0.5336333785215563,31.137945374144273
907,12.422469841491006,-0.5557060374459587,0.5235393190506513,31.16672004763268
908,12.44750551955947,-0.5415010301993985,0.5380907982996836,31.195504894466083
909,12.470456300281231,-0.5270659251788444,0.5897417193450246,31.222617817449283
910,12.492010950858285,-0.5117188126386707,0.6156854922451213,31.24907791617963
911,12.515185173023271,-0.4954240272376144,0.5925409990263529,31.277407487376855
912,12.538517797607534,-0.4804084470288017,0.6283738012270756,31.305154181215897
913,12.559064029795056,-0.4635404661776517,0.7351224928496612,31.331737567664923
914,12.578249494539666,-0.4444836396107396,0.7514900413671047,31.35877910416469
915,12.599068283829652,-0.42616114978607916,0.758449511850498,31.386512398611536
916,12.617413266707707,-0.40737578271046726,0.8316942569417803,31.412769367457187
917,12.634905140430638,-0.386842393948011,0.8713185225860773,31.439743164008824
918,12.652781013540384,-0.36534118496751533,0.8704821931853141,31.46770472381973
919,12.671028204234128,-0.34398291351828664,0.9228377784924924,31.495796283539917
920,12.68645282693047,-0.3208598901714532,0.9524960218631272,31.52359184422904
921,12.70357432343132,-0.29823005527889734,0.9413570534731533,31.551968860803953
922,12.719433987857514,-0.27557203966531385,0.9961281662646485,31.579625950803752
923,12.733159640322121,-0.25254369542962574,1.0088245186700966,31.60643449745993
924,12.749034108101146,-0.22856532251029665,1.0154427252283815,31.635191428713554
925,12.76289918872008,-0.20461499014344217,1.0687541703861012,31.6628655841849
926,12.775730834845167,-0.17993360349823254,1.0825144885223101,31.690683240250962
927,12.788527447467821,-0.15636749353110246,1.1366132301071916,31.717499556806317
928,12.798133860177328,-0.1316193303365807,1.1627563002816692,31.74404677411149
929,12.81062455092836,-0.10525263821900327,1.156619095241094,31.773222445631795
930,12.821122082349097,-0.07932661583520957,1.1816987621939068,31.801193087429482
931,12.831273705878944,-0.054888893516261215,1.1680951763806455,31.827655470776975
932,12.84251675946647,-0.02910211239797986,1.2226953274094268,31.855786669372378
933,12.849905593611966,-0.0035441154450122935,1.2417555709341124,31.882391294501808
934,12.859541985530033,0.020758935689349542,1.2653650906405864,31.908535095748718
935,12.865420871625968,0.04566429695318389,1.3198124174577888,31.934124904685305
936,12.872414177995466,0.07096440463108998,1.292234924233859,31.96037374813585
937,12.87988284228835,0.09623108458492491,1.2907198624953544,31.986721159056266
938,12.887028059425544,0.12177106584839242,1.353981517838508,32.01324180706637
939,12.897237204210617,0.1750152361057394,1.372396040969244,32.067455903975166
940,12.902956953669324,0.2010015083359678,1.4165627747663996,32.09406420866175
941,12.909383814140513,0.2531444253124777,1.4227909373881045,32.14660170314269
942,12.914554933320728,0.27879035698334553,1.380497945755335,32.172763780369905
943,12.919308468817155,0.3046664735708791,1.4490449462508803,32.1990728949382
944,12.924027208644699,0.3562057028513076,1.4523626435104142,32.25082768853628
945,12.928484965155556,0.38178601497321374,1.4009237219235045,32.27679351148423
946,12.932776095364044,0.40721198319085283,1.441504875530656,32.30257904344055
947,12.935173195809545,0.4332273248754269,1.457204770342238,32.328704588286755
948,12.941659022363432,0.4850759440178119,1.4703262254131748,32.3809572939876
949,12.94305209556477,0.5113836249568376,1.5040628128451115,32.407301832877735
950,12.946912495812084,0.5636822136776247,1.408216580670903,32.45974270503157
951,12.959673485607127,0.6127165722238074,1.3533099144507483,32.51041035919658
952,12.968865873207816,0.6630270263960322,1.4524185699950063,32.56155370469545
953,12.971791945935308,0.7146090323249832,1.490184866267955,32.61321863706994
954,12.977141346239014,0.765463329618734,1.465878816561818,32.664353513982384
955,12.982496493438072,0.8162626190332044,1.437897447615316,32.715434287337324
956,12.990651557059584,0.8665219500566171,1.4196183522886552,32.766350939010344
957,12.997882259471572,0.9172586426700046,1.431185582199166,32.81760028080823
958,13.004894358929187,0.9678762204672452,1.462940662323344,32.868701246756665
959,13.008834236375073,1.0184074922764204,1.4876591609231404,32.919385880176876
960,13.013433386899608,1.0703495907333314,1.4778110738648282,32.97153119422958
961,13.018521879683028,1.1222917779842176,1.4680734465764407,33.02372203226857
962,13.024169403455934,1.174496084960733,1.4635850427032637,33.07623092857828
963,13.026982225984847,1.200902032197322,1.4648258568399586,33.10278626740197
964,13.029784570950648,1.2272856289390397,1.4597782124950096,33.12931827287341
965,13.03274476789593,1.2525949292271112,1.4658738470680688,33.15480009869157
966,13.03521523141442,1.27885434536514,1.491743944333847,33.181175468374406
967,13.036869682494945,1.304665699366377,1.5220447124055663,33.20703979136487
968,13.037776564517712,1.3313511421030462,1.6069262552684545,33.23374063946105
969,13.033983622153958,1.3845109844169265,1.598939549688564,33.287035622776656
970,13.035537543204732,1.41088823556239,1.5402077633558513,33.31345860611736
971,13.03559680022446,1.4372324832046761,1.569461683644784,33.33980292040398
972,13.035608126687642,1.4637738634500237,1.5604982778505114,33.3663443030661
973,13.036145835644135,1.490545107191397,1.6428899029115065,33.39312094629078
974,13.029812193842021,1.5440291130023487,1.6665427615812742,33.446978665292455
975,13.028508957455324,1.5700627123117565,1.623527113643495,33.473044864057954
976,13.02701003128073,1.5971207711371747,1.626916525195726,33.500144408834146
977,13.02549758607563,1.6236656821300175,1.620058844000235,33.52673237209041
978,13.02435753441929,1.6509213273274068,1.6264047209603483,33.554011849961235
979,13.022552634016865,1.6765698510941875,1.6432288524371645,33.57972380120726
980,13.020551517126602,1.7033750955338172,1.6598543201936375,33.60660363748423
981,13.017692441655642,1.7309988374209846,1.770970453620559,33.63437494333032
982,13.004103846288066,1.7844415035349126,1.7920910180408196,33.6895181068724
983,12.999767788841542,1.810671308933524,1.7311645846177761,33.71610389415486
984,12.995514690788397,1.8375405217360106,1.7391674853120354,33.74330763359772
985,12.990661580482923,1.8642434004977488,1.8237977106181904,33.77044794335648
986,12.974897762811331,1.9172837410327161,1.8375457309271888,33.82578125765852
987,12.968586875713184,1.9450256882741783,1.801228302402019,33.85423196824215
988,12.962168953411515,1.9715414565433396,1.8058500559023232,33.88151338487645
989,12.955893602833116,1.998029052491927,1.8452983828757836,33.90873419978008
990,12.939619600732977,2.051614124628583,1.8690659041413846,33.964736013145775
991,12.92321339638778,2.1043264530029884,1.888453221967648,34.01994247204025
992,12.914110493329153,2.1291986926866575,1.8649346163930218,34.046428150264084
993,12.900112503144614,2.1805858530683286,1.8372612814197828,34.09968774077413
994,12.892874458092754,2.2069988989550904,1.8518965355663106,34.127074567702216
995,12.885256924400341,2.232034477938275,1.7970671012578125,34.15324338568428
996,12.875028203257312,2.2845194858856774,1.7746790985473897,34.20671583462259
997,12.869089449778423,2.310230559409696,1.7864267825419586,34.23310386400412
998,12.863781499585075,2.3358658977189153,1.772080957429217,34.259282956912074
999,12.858679554544551,2.3612475030292757,1.7605577503714969,34.285172254533435
1000,12.853936437466306,2.3871229218646515,1.6679833639973627,34.31147880237849
1001,12.850913237255309,2.4409067900773036,1.6614653316255903,34.36534757087594
1002,12.84665054217504,2.4672596664094826,1.669988760717631,34.392042976104676
1003,12.842916405215432,2.5212615831906255,1.6333046086957874,34.44617384340671
1004,12.841689531705264,2.5465219221343918,1.6195944667168831,34.47146395890989
1005,12.840410957615102,2.572563919354543,1.6219555947538988,34.497537324072795
1006,12.83901956611607,2.598665667504147,1.5821644010312703,34.523676130984526
1007,12.83952571532182,2.6504314754896234,1.5891928013782635,34.57544441339188
1008,12.837570904391109,2.677403487136193,1.6224772368191769,34.60248717024168
1009,12.836771458751025,2.7036775193968214,1.5282397650098822,34.628773362140926
1010,12.841001554032967,2.757968697515488,1.5053154860881572,34.68322908477507
1011,12.842037792822996,2.783988110578623,1.4288848266607816,34.709269124079576
1012,12.852640898622381,2.8394357036663402,1.4292637073039678,34.76572141749458
1013,12.853721333352203,2.8659863334062847,1.4839480018225417,34.792294021409006
1014,12.857243545777317,2.892298776263668,1.576943732298706,34.81884116117002
1015,12.853235948698783,2.9449429824802054,1.6531848304119117,34.87163768835234
1016,12.848679505260817,2.996010510084741,1.6854447094657854,34.92290808480529
1017,12.844567307560729,3.0202220808825238,1.3651679051607983,34.94746638951919
1018,12.863629529694737,3.0676869694108233,1.2269257024537341,34.998616012740584
1019,12.86935162899999,3.089433116742484,1.3425208410753968,35.02110239404637
1020,12.874164983491315,3.113034874750533,1.3309657781873183,35.04518997097992
1021,12.887160915448407,3.1622616799766945,1.330239843852804,35.096103354291266
1022,12.897762477185656,3.2092307964645483,1.3365326790980412,35.14425406575972
1023,12.91014022224882,3.258552320996556,1.3566345136767233,35.195105037776095
1024,12.913862303584086,3.283253934464926,1.408205632929329,35.22008550209138
1025,12.922150475906593,3.331768278785719,1.3759228042086369,35.26930272880443
1026,12.933134228768846,3.3808934197168066,1.3454536848153817,35.31964080880793
1027,12.944535720563952,3.42941980686502,1.300366040959969,35.369488619841235
1028,12.959793605925752,3.4770597828533765,1.2567662614838166,35.41951231800405
1029,12.967897086297667,3.5013503181020087,1.2859150763239142,35.445118889363826
1030,12.981579234451049,3.5514523955239934,1.2897698749537674,35.49705557524278
1031,12.996488812598916,3.6003981041290585,1.2849636346520872,35.54822175461353
1032,13.010670983040631,3.6504443296452695,1.278437871880723,35.60023866193084
1033,13.026295016336979,3.6994276048173353,1.2575853228758087,35.65165336472126
1034,13.050026706658409,3.7719607513835847,1.2613734010778535,35.72797014188273
1035,13.05750631640123,3.797057088814149,1.2515630311884043,35.75415736614063
1036,13.074308203511677,3.8454211223492654,1.2570528116831452,35.80535681096436
1037,13.096824266278652,3.918236697413065,1.2425181723206826,35.881574138747474
1038,13.10681143891529,3.9408498688035447,1.2325074802338944,35.90629455819394
1039,13.112970856038872,3.9641321028254612,1.2528205073585457,35.93037776479841
1040,13.122120750821752,3.987362312333997,1.2568938329286286,35.95534500750457
1041,13.128381896055293,4.011603879203677,1.2914967879736485,35.98038209008087
1042,13.14318630969872,4.060813656475902,1.2937664492325862,36.031770540558654
1043,13.156779998382689,4.111477157313956,1.3181337186002706,36.084226033018496
1044,13.168763427180986,4.159880628751092,1.3152250737033826,36.13409083636645
1045,13.182029646437792,4.208113606105331,1.2810911875784292,36.18411495732648
1046,13.197793775109272,4.25726793694328,1.2949914151365225,36.23573526333969
1047,13.216063947243267,4.3283685885550325,1.366964438435809,36.309145765649795
1048,13.227617406616313,4.401550813074114,1.372172881680482,36.38323436402394
1049,13.234961059704599,4.422254541185505,1.3877809327014972,36.405201921885286
1050,13.241019700170032,4.4739617894517885,1.4478422563984186,36.457262911575846
1051,13.24749577916398,4.523686647303535,1.3785840170103836,36.50740771277709
1052,13.255051670892744,4.546062984277935,1.4662231321447265,36.531025332390605
1053,13.255746261080866,4.602295562987441,1.530915253986622,36.5872622007587
1054,13.258330882091013,4.628244135753456,1.4889698020573463,36.613339177085706
1055,13.259970952345805,4.653810131732834,1.4947155100794187,36.63895772468033
1056,13.262345668233907,4.6809122993634,1.4632032688360463,36.66616373074194
1057,13.268640157222661,4.7340729930586924,1.4708946821110471,36.719695776712506
1058,13.272858290296845,4.785791709791418,1.5094689221459896,36.7715862219516
1059,13.275164677884774,4.840327920422805,1.5289368414319309,36.8261711804451
1060,13.277521681680948,4.897132479233035,1.5206066281350459,36.883024618059025
1061,13.28073487453327,4.9512175828864615,1.5065828463474618,36.93720508543896
1062,13.284526277600312,5.006065458834866,1.4970524019644222,36.99218384709533
1063,13.288918084519718,5.061984276393727,1.477007907692958,37.04827486353467
1064,13.29497561118254,5.117152491989264,1.4963682540996373,37.10377464408619
1065,13.297163415237987,5.1725621764651395,1.4843880344634213,37.15922750352825
1066,13.302037592849794,5.198677041068475,1.422432792755744,37.1857933417541
1067,13.308934441733067,5.251318271400665,1.4482842547130204,37.23888444887578
1068,13.315262742506984,5.306086186894,1.4705484087634706,37.29401676207022
1069,13.320046504610515,5.3617925239916175,1.4659328714345823,37.349928123819836
1070,13.326966951054587,5.417290570301859,1.4508137791289697,37.405855985599445
1071,13.333401465790052,5.472565421223569,1.4541239867619578,37.46150409539931
1072,13.339738272419385,5.526256578099907,1.4565278293481987,37.51556790441216
1073,13.345845303245193,5.580991011806561,1.4687419666313892,37.57064198233177
1074,13.351021037845815,5.636428919934544,1.5169276992637846,37.62632097196218
1075,13.350499017951758,5.667297506336552,1.5054596042058785,37.65719397199826
1076,13.354715618334748,5.692895201019556,1.432289409774873,37.68313663361719
1077,13.361738485864882,5.747925266958444,1.4573473103187182,37.738613014407434
1078,13.367219691192677,5.802639488400699,1.474651890103873,37.79360110075236
1079,13.372304488642992,5.8574836205607195,1.497594107403597,37.84868044349986
1080,13.375250811685909,5.9121548875121634,1.5223031197476204,37.90343104394907
1081,13.376314670939344,5.9401145416948316,1.5336893005063954,37.93141093062728
1082,13.37728769637672,5.9670218473611385,1.5183321285137286,37.95833582388096
1083,13.379192223525214,5.994912137932728,1.5195045142890948,37.98629106546151
1084,13.380161144514906,6.022994285952895,1.5404093461965183,38.014389923895806
1085,13.380872524915018,6.050191871085272,1.5619772683441713,38.04159681087515
1086,13.380641450587618,6.0774551587624925,1.5820411040018503,38.06886107778838
1087,13.38026127795523,6.104547878792571,1.5940285394024767,38.09595646503157
1088,13.379358706966752,6.1326592348176465,1.6077354252272091,38.12408230674267
1089,13.378169583977195,6.161147595898919,1.6170872711654283,38.152595474412735
1090,13.376802912413435,6.187831337362572,1.6372587177583744,38.17931419162861
1091,13.37470236031828,6.213238965280542,1.647044061136829,38.20480850227869
1092,13.372778743363025,6.2405065755302065,1.6947159037175779,38.23214387992228
1093,13.364348318074843,6.2963653691894,1.7285713608760547,38.288635267757954
1094,13.359436633191025,6.324367864977202,1.7567892617876069,38.317065259294075
1095,13.354192497910564,6.350337533095391,1.7420364576787428,38.34355911928103
1096,13.350267530677328,6.377388756477607,1.7565590327677068,38.37089360398912
1097,13.344013439094475,6.404501811837377,1.7811260356464456,38.39871861849888
1098,13.33888063718325,6.430726360973233,1.773254349708962,38.42544075600393
1099,13.333333128436408,6.456532273289869,1.7847875777993483,38.4518362094721
1100,13.327586621406335,6.482696216359812,1.813584642188458,38.47862378607047
1101,13.32025300183328,6.509344135887953,1.8756768251880185,38.50626241105835
1102,13.31138530306624,6.534179330736401,1.8815059271834167,38.53263328485092
1103,13.303986316493093,6.560001793727119,1.8833710938432753,38.559494867030985
1104,13.295246086661747,6.584119843276404,1.944363294764236,38.585147779761634
1105,13.284024334066697,6.610928798875131,1.9803980171470965,38.614210605357215
1106,13.272889632940831,6.635613694346349,1.9917093024671193,38.641290591206314
1107,13.262016708625445,6.660089389823343,2.0043792719878084,38.668072677612166
1108,13.250186411445195,6.684652464821907,2.0529314951817574,38.69533621708814
1109,13.23622779968787,6.709368086119739,2.088575067122395,38.72372115637519
1110,13.223096692487587,6.732210316256879,2.0977228266925514,38.750068707569625
1111,13.209549119413676,6.755223832457286,2.1463799544757305,38.776773738258605
1112,13.19347490915483,6.777861334444151,2.1843519553253676,38.80453768487379
1113,13.177843464615448,6.800245911713329,2.1866530493536636,38.83183990745562
1114,13.162079742198399,6.822225315025974,2.2513986828338464,38.85888781152269
1115,13.144024403297886,6.842015469245144,2.249177810270948,38.88567671718961
1116,13.129287038767503,6.862911659385764,2.222432185488633,38.91124702566828
1117,13.112036894008742,6.883950415074405,2.2693018311156172,38.93845358250895
1118,13.094209798799124,6.904683365608672,2.3463045118174715,38.9657969649162
1119,13.072813010386728,6.923957920974708,2.4410655424439125,38.99459507316871
1120,13.051718113037508,6.9405119237853805,2.438879140073367,39.02140980239035
1121,13.031229034594714,6.9591769549999585,2.492671692958468,39.04912596600793
1122,12.990123286163726,6.987231794989596,2.625459211895087,39.098892989235324
1123,12.944217765373583,7.0085505447800625,2.622300826322442,39.14950727508075
1124,12.923274831668277,7.025443834243999,2.461655710832094,39.176414331796366
1125,12.90374310583785,7.041276617631762,2.471046964968057,39.20155723027126
1126,12.882493928217263,7.057788912487323,2.5500309453584915,39.228467886728296
1127,12.859286248395742,7.071143616687528,2.6152965952249034,39.255243706547176
1128,12.835541296203038,7.085066150368522,2.6368499488397257,39.28276932549993
1129,12.81258550831436,7.0969446865737424,2.6738352277748625,39.30861633344995
1130,12.789838289080945,7.1081529274536575,2.6670321576814326,39.33397497391972
1131,12.766160621679536,7.120793916682951,2.65987423101507,39.360815736618775
1132,12.743947026825353,7.1321447406994825,2.679246138907272,39.385761377564634
1133,12.719539198449509,7.14402885396389,2.709750758825485,39.412908646932024
1134,12.69450344442225,7.154930925277866,2.791803301220435,39.440215132217546
1135,12.670746930370465,7.161827775562732,2.8218468453134737,39.46495252302063
1136,12.648395672610592,7.170197546134619,2.8113968216924565,39.48881948308835
1137,12.623846585700907,7.177902572745307,2.9017429437513536,39.51454933157548
1138,12.573270798646897,7.188569891345786,2.918984107292493,39.56623784018481
1139,12.545500326031581,7.195637033237411,2.9215504591967325,39.59489344424047
1140,12.520093304922419,7.200463767746842,2.94396185866013,39.62075488441046
1141,12.494193986887703,7.205910853469784,2.9927272152759627,39.647220813782695
1142,12.43698674479724,7.212927669060148,3.0271128598608668,39.704856776936154
1143,12.410169032458777,7.215572256076872,3.0176701250920326,39.73180456971326
1144,12.384607466004336,7.219452073950127,3.057143294431367,39.75765890525557
1145,12.331338311828413,7.222245330906603,3.057233167738973,39.81100124370303
1146,12.307031275810152,7.2260119299787,3.0100719075710423,39.83559838314166
1147,12.279711288147524,7.229074778990444,3.0508262679356473,39.86308952298624
1148,12.226516744266249,7.233340078468217,3.081121837361945,39.916454795199286
1149,12.174115977540568,7.235468008262029,3.1343502665456704,39.968898750414795
1150,12.121612710166685,7.234099847369545,-3.0906317064504587,40.021419840932424
1151,12.067328062019282,7.230021279042633,-3.0899988535905765,40.07585749099269
1152,12.012538726212542,7.228467307378501,-3.089218574263558,40.13066885975937
1153,11.956361032138563,7.224204163175532,-3.098692860754056,40.187008079757206
1154,11.928229421087552,7.224848235211307,3.1288780001108583,40.21514706284317
1155,11.873368160519496,7.225259445646507,-3.1324386082520586,40.270009864495464
1156,11.818479440391986,7.223843550849021,-3.1235900352312296,40.32491684360845
1157,11.765570803608107,7.223318601293262,-3.1389379784526232,40.377828084553684
1158,11.73663550196547,7.223626281270164,3.1406326800456243,40.406765021988704
1159,11.683837373820175,7.223397063247635,3.0989139209216616,40.45956364769572
1160,11.630958122614729,7.2281391982793295,3.054790315993509,40.51265510701553
1161,11.602827357900791,7.23044663624332,3.0382220577217534,40.54088034737498
1162,11.547259139713445,7.2368221612787185,3.0411687914683587,40.596813112298534
1163,11.520171833005831,7.2387752399773735,3.0739170698382208,40.623970739239695
1164,11.491989517387731,7.240568286044942,3.074401571983549,40.65221003681947
1165,11.464616949336166,7.2425136602693625,3.0112869111858993,40.67965164687811
1166,11.409351851336016,7.251397811587329,2.9614118456977256,40.735626276859975
1167,11.355597334957654,7.262372273139543,2.9497265421500756,40.79048962379973
1168,11.330050159642472,7.266802614657568,2.908343713296157,40.81641810413605
1169,11.276118679747281,7.281254258932951,2.8775630048365017,40.87225227419299
1170,11.226432106684047,7.294814823979291,2.880980725381452,40.923756103828694
1171,11.198735634630783,7.3018905280702695,2.878388418636848,40.9523421170621
1172,11.171890252412028,7.309511425015101,2.841666515053888,40.9802482564711
1173,11.119271361606218,7.326465277433514,2.832862869446754,41.03553099140217
1174,11.09347755206351,7.3345193932007104,2.853079546894107,41.06255300819436
1175,11.067236569202093,7.341908902127478,2.800520797194929,41.08981459332274
1176,11.017018327049668,7.361658083872921,2.798199555248007,41.14377663576458
1177,10.964573977336538,7.37861685187268,2.813591047651385,41.19889477823058
1178,10.93934141958678,7.388091033665289,2.7809043273800094,41.22584736792497
1179,10.913311207207808,7.397952599906119,2.8253199646862037,41.253683000578405
1180,10.860285845598515,7.4139625907531785,2.83685908555532,41.309072609538205
1181,10.807909584767208,7.431104615643693,2.8011964804966714,41.36418269678198
1182,10.783274805318946,7.441238567903664,2.7855231964504577,41.39082043968321
1183,10.757397943668792,7.449891008200396,2.8206529773915925,41.41810553986535
1184,10.73171647570593,7.458378237510922,2.8177817586908636,41.445153106449
1185,10.704987729511851,7.467481143198754,2.827610284339552,41.47338940870459
1186,10.67834416291589,7.475709515664961,2.8693544254546417,41.501274633365625
1187,10.651507444662927,7.482411196822727,2.915895632549964,41.52893547169221
1188,10.625064073031147,7.48794310494812,2.933107355731946,41.55595128022655
1189,10.59884364226875,7.493552721346148,2.9935927357613465,41.58276505999552
1190,10.543840780599275,7.500052690960378,3.017182191096649,41.63815065737262
1191,10.518136565125262,7.503645652624188,2.994673336110128,41.6641047720108
1192,10.49064507201524,7.507924891063953,2.98086565046662,41.691927318174706
1193,10.463568122519675,7.512492587852684,3.0672271234339927,41.719386834702476
1194,10.40766979908391,7.514106791209773,3.097946258292836,41.77530846035309
1195,10.380076669548513,7.516139004591238,3.074796484609411,41.80297632418073
1196,10.353043565033651,7.517761050758356,3.0828182390870857,41.83005804815613
1197,10.325401747958143,7.519356196472423,3.0995640268745386,41.85774585307247
1198,10.298114192677325,7.5200710171174165,-3.139262085778295,41.88504276941403
1199,10.242017981709086,7.519161864598961,-3.123092471328908,41.941146347225924
1200,10.186838493401913,7.518012161508516,-3.1055739601260415,41.99633781166598
1201,10.13004104618116,7.515126856598028,-3.114493180232824,42.05320849827359
1202,10.075786981768825,7.515001987119601,-3.1203153757146525,42.1074627063836
1203,10.020049526434555,7.512786183232601,-3.095999884417515,42.163244188203336
1204,9.966176672629471,7.510001083989035,-3.0829917802103974,42.21718898549557
1205,9.911841820079902,7.506437848610643,-3.070270871309692,42.27164054973339
1206,9.859800565131735,7.502401259784798,-3.0703798022226962,42.32383811927383
1207,9.806147234570846,7.498898286439171,-3.053076704678661,42.37760568107959
1208,9.754525215893853,7.493058298666877,-3.042457428490141,42.42955698779528
1209,9.702689572951478,7.4886082563314815,-3.0581301687779323,42.4815832961021
1210,9.650842747540228,7.484384552467994,-3.0696186218068853,42.53360187912347
1211,9.625766471756679,7.483062210637107,-3.0706541461575276,42.55871299608569
1212,9.600044005976503,7.48077490862671,-3.105919335730776,42.58453695775502
1213,9.575533843301718,7.4812694855854485,-3.1362655816737632,42.60905210981885
1214,9.55048472827068,7.480510900292944,3.1045300507917384,42.634112708684086
1215,9.524810141189304,7.483150299272955,3.064704863606061,42.65992260695539
1216,9.50082843325566,7.48433640450032,3.1047401306597124,42.68393362861265
1217,9.447908755016043,7.485985593031955,3.1115695820538027,42.73687899826663
1218,9.394643990547682,7.4875253458317745,3.10782351622324,42.790166013313026
1219,9.341616254358089,7.48957636410897,3.097604626888315,42.843233399543806
1220,9.2883363787374,7.4922046263405155,3.0135253492948806,42.89657806102473
1221,9.260399418617261,7.500034825165801,3.0400003044131867,42.92559160535143
1222,9.232613321302335,7.4978852192522645,-3.0855184546396934,42.953460728222055
1223,9.20566338597765,7.496962325002992,-3.1241577453028353,42.980426461065804
1224,9.179181638628734,7.496953548361447,3.12984603707526,43.00690820986911
1225,9.152325169588016,7.497588897395535,3.133661951484481,43.03377219315027
1226,9.125869572253427,7.497376359342904,-3.0806677259556805,43.06022864421148
1227,9.073348193698452,7.492771268612478,-3.0716371867021626,43.11295152412097
1228,9.046481077212576,7.4918136228989605,-3.1060000077271397,43.139835702248234
1229,9.019901633616993,7.490868160416771,-3.098741312780135,43.16643195614152
1230,8.993932764566848,7.489560477972952,-3.095754279784252,43.19243372902564
1231,8.967366758672236,7.488458359154886,-3.084446585920766,43.21902258637381
1232,8.94105222734375,7.4865352693832,-2.979542572342189,43.24540729469716
1233,8.888310970765628,7.475534031815714,-2.9556784246371466,43.29928370301708
1234,8.862294368394275,7.471721999073909,-2.9981732529598912,43.325578097715834
1235,8.83655677712141,7.46806016232548,-2.9948650943468964,43.3515748793032
1236,8.809201174312093,7.463875373367545,-2.9736822112646593,43.37924872008621
1237,8.782543099914884,7.4589044950225665,-2.9499307372611043,43.4063662893373
1238,8.755821053983807,7.45351729327484,-2.867839397080977,43.43362596067452
1239,8.702601611328697,7.436456677689896,-2.839757692573494,43.489513111976564
1240,8.67585605538776,7.42862035567476,-2.8455954199087814,43.51738303672197
1241,8.648257976482194,7.41988426760899,-2.84662630206024,43.54633080337106
1242,8.64926958348203,7.420009550920498,-2.852326823557933,43.54735013875761
